-- phpMyAdmin SQL Dump
-- version 4.9.0.1
-- https://www.phpmyadmin.net/
--
-- Servidor: 127.0.0.1
-- Tiempo de generación: 04-06-2020 a las 00:20:42
-- Versión del servidor: 10.4.6-MariaDB
-- Versión de PHP: 7.3.8

SET SQL_MODE = "NO_AUTO_VALUE_ON_ZERO";
SET AUTOCOMMIT = 0;
START TRANSACTION;
SET time_zone = "+00:00";


/*!40101 SET @OLD_CHARACTER_SET_CLIENT=@@CHARACTER_SET_CLIENT */;
/*!40101 SET @OLD_CHARACTER_SET_RESULTS=@@CHARACTER_SET_RESULTS */;
/*!40101 SET @OLD_COLLATION_CONNECTION=@@COLLATION_CONNECTION */;
/*!40101 SET NAMES utf8mb4 */;

--
-- Base de datos: `lisoft`
--

-- --------------------------------------------------------

--
-- Estructura de tabla para la tabla `attendances`
--

CREATE TABLE `attendances` (
  `id` bigint(20) UNSIGNED NOT NULL,
  `created_at` timestamp NULL DEFAULT NULL,
  `updated_at` timestamp NULL DEFAULT NULL,
  `students` int(11) NOT NULL,
  `attended` tinyint(4) NOT NULL,
  `class_id` bigint(20) UNSIGNED NOT NULL,
  `user_id` bigint(20) UNSIGNED NOT NULL
) ENGINE=InnoDB DEFAULT CHARSET=utf8mb4 COLLATE=utf8mb4_unicode_ci;

-- --------------------------------------------------------

--
-- Estructura de tabla para la tabla `audits`
--

CREATE TABLE `audits` (
  `id` int(10) UNSIGNED NOT NULL,
  `user_type` varchar(120) COLLATE utf8mb4_unicode_ci DEFAULT NULL,
  `user_id` bigint(20) UNSIGNED DEFAULT NULL,
  `event` varchar(120) COLLATE utf8mb4_unicode_ci NOT NULL,
  `auditable_type` varchar(120) COLLATE utf8mb4_unicode_ci NOT NULL,
  `auditable_id` bigint(20) UNSIGNED NOT NULL,
  `old_values` text COLLATE utf8mb4_unicode_ci DEFAULT NULL,
  `new_values` text COLLATE utf8mb4_unicode_ci DEFAULT NULL,
  `url` text COLLATE utf8mb4_unicode_ci DEFAULT NULL,
  `ip_address` varchar(45) COLLATE utf8mb4_unicode_ci DEFAULT NULL,
  `user_agent` varchar(120) COLLATE utf8mb4_unicode_ci DEFAULT NULL,
  `tags` varchar(120) COLLATE utf8mb4_unicode_ci DEFAULT NULL,
  `created_at` timestamp NULL DEFAULT NULL,
  `updated_at` timestamp NULL DEFAULT NULL
) ENGINE=InnoDB DEFAULT CHARSET=utf8mb4 COLLATE=utf8mb4_unicode_ci;

-- --------------------------------------------------------

--
-- Estructura de tabla para la tabla `calendar_weeks`
--

CREATE TABLE `calendar_weeks` (
  `id` int(10) UNSIGNED NOT NULL,
  `created_at` timestamp NULL DEFAULT NULL,
  `updated_at` timestamp NULL DEFAULT NULL,
  `init_date` date NOT NULL,
  `end_date` date NOT NULL,
  `nweek` smallint(5) UNSIGNED NOT NULL,
  `week` tinyint(4) NOT NULL
) ENGINE=InnoDB DEFAULT CHARSET=utf8mb4 COLLATE=utf8mb4_unicode_ci;

--
-- Volcado de datos para la tabla `calendar_weeks`
--

INSERT INTO `calendar_weeks` (`id`, `created_at`, `updated_at`, `init_date`, `end_date`, `nweek`, `week`) VALUES
(1, '2020-06-03 19:37:26', '2020-06-03 19:37:26', '2020-03-02', '2020-06-15', 8, 1),
(2, '2020-06-03 19:37:26', '2020-06-03 19:37:26', '2020-03-03', '2020-06-16', 8, 1),
(3, '2020-06-03 19:37:26', '2020-06-03 19:37:26', '2020-03-04', '2020-06-17', 8, 1),
(4, '2020-06-03 19:37:26', '2020-06-03 19:37:26', '2020-03-05', '2020-06-18', 8, 1),
(5, '2020-06-03 19:37:26', '2020-06-03 19:37:26', '2020-03-06', '2020-06-19', 8, 1),
(6, '2020-06-03 19:37:26', '2020-06-03 19:37:26', '2020-03-07', '2020-06-20', 8, 1),
(7, '2020-06-03 19:37:26', '2020-06-03 19:37:26', '2020-03-08', '2020-06-21', 8, 1),
(8, '2020-06-03 19:37:26', '2020-06-03 19:37:26', '2020-03-09', '2020-06-22', 8, 2),
(9, '2020-06-03 19:37:26', '2020-06-03 19:37:26', '2020-03-10', '2020-06-23', 8, 2),
(10, '2020-06-03 19:37:26', '2020-06-03 19:37:26', '2020-03-11', '2020-06-24', 8, 2),
(11, '2020-06-03 19:37:26', '2020-06-03 19:37:26', '2020-03-12', '2020-06-25', 8, 2),
(12, '2020-06-03 19:37:26', '2020-06-03 19:37:26', '2020-03-13', '2020-06-26', 8, 2),
(13, '2020-06-03 19:37:26', '2020-06-03 19:37:26', '2020-03-14', '2020-06-27', 8, 2),
(14, '2020-06-03 19:37:26', '2020-06-03 19:37:26', '2020-03-15', '2020-06-28', 8, 2);

-- --------------------------------------------------------

--
-- Estructura de tabla para la tabla `cats`
--

CREATE TABLE `cats` (
  `id` bigint(20) UNSIGNED NOT NULL,
  `name` varchar(120) COLLATE utf8mb4_unicode_ci NOT NULL,
  `activo` varchar(120) COLLATE utf8mb4_unicode_ci NOT NULL,
  `created_at` timestamp NULL DEFAULT NULL,
  `updated_at` timestamp NULL DEFAULT NULL
) ENGINE=InnoDB DEFAULT CHARSET=utf8mb4 COLLATE=utf8mb4_unicode_ci;

--
-- Volcado de datos para la tabla `cats`
--

INSERT INTO `cats` (`id`, `name`, `activo`, `created_at`, `updated_at`) VALUES
(1, 'BARRANQUILLA', 'SI', '2020-06-03 19:37:03', '2020-06-03 19:37:03'),
(2, 'CAJAMARCA', 'SI', '2020-06-03 19:37:03', '2020-06-03 19:37:03'),
(3, 'CALI', 'SI', '2020-06-03 19:37:03', '2020-06-03 19:37:03'),
(4, 'CHAPARRAL', 'SI', '2020-06-03 19:37:03', '2020-06-03 19:37:03'),
(5, 'GIRARDOT', 'SI', '2020-06-03 19:37:03', '2020-06-03 19:37:03'),
(6, 'HONDA', 'SI', '2020-06-03 19:37:04', '2020-06-03 19:37:04'),
(7, 'IBAGUE', 'SI', '2020-06-03 19:37:04', '2020-06-03 19:37:04'),
(8, 'KENNEDY', 'SI', '2020-06-03 19:37:04', '2020-06-03 19:37:04'),
(9, 'LIBANO', 'SI', '2020-06-03 19:37:04', '2020-06-03 19:37:04'),
(10, 'MEDELLIN', 'SI', '2020-06-03 19:37:04', '2020-06-03 19:37:04'),
(11, 'MELGAR', 'SI', '2020-06-03 19:37:04', '2020-06-03 19:37:04'),
(12, 'MOCOA', 'SI', '2020-06-03 19:37:04', '2020-06-03 19:37:04'),
(13, 'NEIVA', 'SI', '2020-06-03 19:37:04', '2020-06-03 19:37:04'),
(14, 'PACHO', 'SI', '2020-06-03 19:37:04', '2020-06-03 19:37:04'),
(15, 'PEREIRA', 'SI', '2020-06-03 19:37:04', '2020-06-03 19:37:04'),
(16, 'PLANADAS', 'SI', '2020-06-03 19:37:04', '2020-06-03 19:37:04'),
(17, 'POPAYAN', 'SI', '2020-06-03 19:37:04', '2020-06-03 19:37:04'),
(18, 'PURIFICACION', 'SI', '2020-06-03 19:37:04', '2020-06-03 19:37:04'),
(19, 'RIO BLANCO', 'SI', '2020-06-03 19:37:04', '2020-06-03 19:37:04'),
(20, 'SIBATE', 'SI', '2020-06-03 19:37:04', '2020-06-03 19:37:04'),
(21, 'SUBA', 'SI', '2020-06-03 19:37:04', '2020-06-03 19:37:04'),
(22, 'TUNAL', 'SI', '2020-06-03 19:37:04', '2020-06-03 19:37:04'),
(23, 'URABA', 'SI', '2020-06-03 19:37:04', '2020-06-03 19:37:04');

-- --------------------------------------------------------

--
-- Estructura de tabla para la tabla `cat_program`
--

CREATE TABLE `cat_program` (
  `id` bigint(20) UNSIGNED NOT NULL,
  `created_at` timestamp NULL DEFAULT NULL,
  `updated_at` timestamp NULL DEFAULT NULL,
  `cat_id` bigint(20) UNSIGNED NOT NULL,
  `program_id` bigint(20) UNSIGNED NOT NULL
) ENGINE=InnoDB DEFAULT CHARSET=utf8mb4 COLLATE=utf8mb4_unicode_ci;

--
-- Volcado de datos para la tabla `cat_program`
--

INSERT INTO `cat_program` (`id`, `created_at`, `updated_at`, `cat_id`, `program_id`) VALUES
(1, '2020-06-03 19:37:34', '2020-06-03 19:37:34', 1, 1),
(2, '2020-06-03 19:37:34', '2020-06-03 19:37:34', 3, 1),
(3, '2020-06-03 19:37:34', '2020-06-03 19:37:34', 21, 2),
(4, '2020-06-03 19:37:34', '2020-06-03 19:37:34', 3, 15),
(5, '2020-06-03 19:37:34', '2020-06-03 19:37:34', 3, 9),
(6, '2020-06-03 19:37:34', '2020-06-03 19:37:34', 8, 1),
(7, '2020-06-03 19:37:34', '2020-06-03 19:37:34', 20, 1),
(8, '2020-06-03 19:37:34', '2020-06-03 19:37:34', 2, 9),
(9, '2020-06-03 19:37:34', '2020-06-03 19:37:34', 7, 1),
(10, '2020-06-03 19:37:34', '2020-06-03 19:37:34', 12, 1),
(11, '2020-06-03 19:37:34', '2020-06-03 19:37:34', 10, 1),
(12, '2020-06-03 19:37:34', '2020-06-03 19:37:34', 3, 14),
(13, '2020-06-03 19:37:34', '2020-06-03 19:37:34', 17, 1),
(14, '2020-06-03 19:37:34', '2020-06-03 19:37:34', 6, 1),
(15, '2020-06-03 19:37:34', '2020-06-03 19:37:34', 20, 1),
(16, '2020-06-03 19:37:35', '2020-06-03 19:37:35', 21, 1),
(17, '2020-06-03 19:37:35', '2020-06-03 19:37:35', 3, 6),
(18, '2020-06-03 19:37:35', '2020-06-03 19:37:35', 4, 1),
(19, '2020-06-03 19:37:35', '2020-06-03 19:37:35', 13, 1),
(20, '2020-06-03 19:37:35', '2020-06-03 19:37:35', 19, 1),
(21, '2020-06-03 19:37:35', '2020-06-03 19:37:35', 3, 5),
(22, '2020-06-03 19:37:35', '2020-06-03 19:37:35', 4, 13),
(23, '2020-06-03 19:37:35', '2020-06-03 19:37:35', 4, 14),
(24, '2020-06-03 19:37:35', '2020-06-03 19:37:35', 4, 6),
(25, '2020-06-03 19:37:35', '2020-06-03 19:37:35', 4, 9),
(26, '2020-06-03 19:37:35', '2020-06-03 19:37:35', 4, 3),
(27, '2020-06-03 19:37:35', '2020-06-03 19:37:35', 4, 11),
(28, '2020-06-03 19:37:35', '2020-06-03 19:37:35', 4, 5),
(29, '2020-06-03 19:37:35', '2020-06-03 19:37:35', 15, 1),
(30, '2020-06-03 19:37:35', '2020-06-03 19:37:35', 5, 1),
(31, '2020-06-03 19:37:35', '2020-06-03 19:37:35', 5, 11),
(32, '2020-06-03 19:37:35', '2020-06-03 19:37:35', 17, 1),
(33, '2020-06-03 19:37:35', '2020-06-03 19:37:35', 18, 1),
(34, '2020-06-03 19:37:35', '2020-06-03 19:37:35', 5, 8),
(35, '2020-06-03 19:37:35', '2020-06-03 19:37:35', 7, 2),
(36, '2020-06-03 19:37:35', '2020-06-03 19:37:35', 6, 11),
(37, '2020-06-03 19:37:35', '2020-06-03 19:37:35', 6, 9),
(38, '2020-06-03 19:37:35', '2020-06-03 19:37:35', 6, 12),
(39, '2020-06-03 19:37:35', '2020-06-03 19:37:35', 6, 3),
(40, '2020-06-03 19:37:35', '2020-06-03 19:37:35', 6, 5),
(41, '2020-06-03 19:37:35', '2020-06-03 19:37:35', 7, 1),
(42, '2020-06-03 19:37:35', '2020-06-03 19:37:35', 7, 15),
(43, '2020-06-03 19:37:35', '2020-06-03 19:37:35', 8, 3),
(44, '2020-06-03 19:37:35', '2020-06-03 19:37:35', 7, 13),
(45, '2020-06-03 19:37:35', '2020-06-03 19:37:35', 7, 4),
(46, '2020-06-03 19:37:36', '2020-06-03 19:37:36', 7, 14),
(47, '2020-06-03 19:37:36', '2020-06-03 19:37:36', 14, 5),
(48, '2020-06-03 19:37:36', '2020-06-03 19:37:36', 7, 10),
(49, '2020-06-03 19:37:36', '2020-06-03 19:37:36', 10, 5),
(50, '2020-06-03 19:37:36', '2020-06-03 19:37:36', 20, 5),
(51, '2020-06-03 19:37:36', '2020-06-03 19:37:36', 7, 9),
(52, '2020-06-03 19:37:36', '2020-06-03 19:37:36', 19, 5),
(53, '2020-06-03 19:37:36', '2020-06-03 19:37:36', 12, 5),
(54, '2020-06-03 19:37:36', '2020-06-03 19:37:36', 17, 5),
(55, '2020-06-03 19:37:36', '2020-06-03 19:37:36', 7, 6),
(56, '2020-06-03 19:37:36', '2020-06-03 19:37:36', 8, 5),
(57, '2020-06-03 19:37:36', '2020-06-03 19:37:36', 7, 7),
(58, '2020-06-03 19:37:36', '2020-06-03 19:37:36', 7, 12),
(59, '2020-06-03 19:37:36', '2020-06-03 19:37:36', 7, 3),
(60, '2020-06-03 19:37:36', '2020-06-03 19:37:36', 17, 5),
(61, '2020-06-03 19:37:36', '2020-06-03 19:37:36', 9, 5),
(62, '2020-06-03 19:37:36', '2020-06-03 19:37:36', 16, 5),
(63, '2020-06-03 19:37:36', '2020-06-03 19:37:36', 7, 11),
(64, '2020-06-03 19:37:36', '2020-06-03 19:37:36', 7, 8),
(65, '2020-06-03 19:37:36', '2020-06-03 19:37:36', 8, 1),
(66, '2020-06-03 19:37:36', '2020-06-03 19:37:36', 21, 6),
(67, '2020-06-03 19:37:37', '2020-06-03 19:37:37', 8, 7),
(68, '2020-06-03 19:37:37', '2020-06-03 19:37:37', 12, 6),
(69, '2020-06-03 19:37:37', '2020-06-03 19:37:37', 8, 12),
(70, '2020-06-03 19:37:37', '2020-06-03 19:37:37', 3, 6),
(71, '2020-06-03 19:37:37', '2020-06-03 19:37:37', 8, 3),
(72, '2020-06-03 19:37:37', '2020-06-03 19:37:37', 8, 8),
(73, '2020-06-03 19:37:37', '2020-06-03 19:37:37', 19, 7),
(74, '2020-06-03 19:37:37', '2020-06-03 19:37:37', 10, 11),
(75, '2020-06-03 19:37:37', '2020-06-03 19:37:37', 11, 1),
(76, '2020-06-03 19:37:37', '2020-06-03 19:37:37', 3, 8),
(77, '2020-06-03 19:37:37', '2020-06-03 19:37:37', 12, 14),
(78, '2020-06-03 19:37:37', '2020-06-03 19:37:37', 13, 9),
(79, '2020-06-03 19:37:37', '2020-06-03 19:37:37', 15, 8),
(80, '2020-06-03 19:37:37', '2020-06-03 19:37:37', 13, 10),
(81, '2020-06-03 19:37:37', '2020-06-03 19:37:37', 5, 14),
(82, '2020-06-03 19:37:37', '2020-06-03 19:37:37', 21, 8),
(83, '2020-06-03 19:37:37', '2020-06-03 19:37:37', 13, 6),
(84, '2020-06-03 19:37:37', '2020-06-03 19:37:37', 8, 9),
(85, '2020-06-03 19:37:37', '2020-06-03 19:37:37', 14, 1),
(86, '2020-06-03 19:37:37', '2020-06-03 19:37:37', 21, 7),
(87, '2020-06-03 19:37:37', '2020-06-03 19:37:37', 9, 1),
(88, '2020-06-03 19:37:37', '2020-06-03 19:37:37', 20, 7),
(89, '2020-06-03 19:37:37', '2020-06-03 19:37:37', 10, 5),
(90, '2020-06-03 19:37:37', '2020-06-03 19:37:37', 8, 15);

-- --------------------------------------------------------

--
-- Estructura de tabla para la tabla `cat_weekdays`
--

CREATE TABLE `cat_weekdays` (
  `id` int(10) UNSIGNED NOT NULL,
  `created_at` timestamp NULL DEFAULT NULL,
  `updated_at` timestamp NULL DEFAULT NULL,
  `weekday` tinyint(3) UNSIGNED NOT NULL,
  `status` tinyint(3) UNSIGNED NOT NULL,
  `cat_id` bigint(20) UNSIGNED NOT NULL
) ENGINE=InnoDB DEFAULT CHARSET=utf8mb4 COLLATE=utf8mb4_unicode_ci;

--
-- Volcado de datos para la tabla `cat_weekdays`
--

INSERT INTO `cat_weekdays` (`id`, `created_at`, `updated_at`, `weekday`, `status`, `cat_id`) VALUES
(1, '2020-06-03 19:37:05', '2020-06-03 19:37:05', 1, 1, 23),
(2, '2020-06-03 19:37:05', '2020-06-03 19:37:05', 2, 1, 23),
(3, '2020-06-03 19:37:05', '2020-06-03 19:37:05', 3, 1, 23),
(4, '2020-06-03 19:37:05', '2020-06-03 19:37:05', 4, 1, 23),
(5, '2020-06-03 19:37:05', '2020-06-03 19:37:05', 5, 1, 23),
(6, '2020-06-03 19:37:05', '2020-06-03 19:37:05', 6, 1, 23),
(7, '2020-06-03 19:37:05', '2020-06-03 19:37:05', 7, 1, 23);

-- --------------------------------------------------------

--
-- Estructura de tabla para la tabla `class`
--

CREATE TABLE `class` (
  `id` bigint(20) UNSIGNED NOT NULL,
  `created_at` timestamp NULL DEFAULT NULL,
  `updated_at` timestamp NULL DEFAULT NULL,
  `name` varchar(120) COLLATE utf8mb4_unicode_ci NOT NULL,
  `week` int(11) NOT NULL,
  `tutorial` int(11) NOT NULL,
  `datetime` datetime NOT NULL,
  `group_id` bigint(20) UNSIGNED NOT NULL
) ENGINE=InnoDB DEFAULT CHARSET=utf8mb4 COLLATE=utf8mb4_unicode_ci;

-- --------------------------------------------------------

--
-- Estructura de tabla para la tabla `classroom`
--

CREATE TABLE `classroom` (
  `id` bigint(20) UNSIGNED NOT NULL,
  `created_at` timestamp NULL DEFAULT NULL,
  `updated_at` timestamp NULL DEFAULT NULL,
  `name` varchar(120) COLLATE utf8mb4_unicode_ci NOT NULL,
  `cat_id` bigint(20) UNSIGNED NOT NULL
) ENGINE=InnoDB DEFAULT CHARSET=utf8mb4 COLLATE=utf8mb4_unicode_ci;

--
-- Volcado de datos para la tabla `classroom`
--

INSERT INTO `classroom` (`id`, `created_at`, `updated_at`, `name`, `cat_id`) VALUES
(1, '2020-06-03 19:37:27', '2020-06-03 19:37:27', 'AULA 01', 1),
(2, '2020-06-03 19:37:27', '2020-06-03 19:37:27', 'AULA 02', 1),
(3, '2020-06-03 19:37:27', '2020-06-03 19:37:27', 'SALON 01', 2),
(4, '2020-06-03 19:37:27', '2020-06-03 19:37:27', 'SALON 02', 3),
(5, '2020-06-03 19:37:27', '2020-06-03 19:37:27', 'SALON 03', 4),
(6, '2020-06-03 19:37:27', '2020-06-03 19:37:27', 'SALON 04', 5),
(7, '2020-06-03 19:37:27', '2020-06-03 19:37:27', 'SALON 05', 6),
(8, '2020-06-03 19:37:28', '2020-06-03 19:37:28', 'SALON 301', 7),
(9, '2020-06-03 19:37:28', '2020-06-03 19:37:28', 'SALON 07', 8),
(10, '2020-06-03 19:37:28', '2020-06-03 19:37:28', 'SALON 106', 9),
(11, '2020-06-03 19:37:28', '2020-06-03 19:37:28', 'SALON 105', 10),
(12, '2020-06-03 19:37:28', '2020-06-03 19:37:28', 'SALON 107', 11),
(13, '2020-06-03 19:37:28', '2020-06-03 19:37:28', 'SALON 108', 12),
(14, '2020-06-03 19:37:28', '2020-06-03 19:37:28', 'SALON 109', 13),
(15, '2020-06-03 19:37:28', '2020-06-03 19:37:28', 'SALON 111', 14),
(16, '2020-06-03 19:37:28', '2020-06-03 19:37:28', 'AULA 119', 15),
(17, '2020-06-03 19:37:28', '2020-06-03 19:37:28', 'SALON 120', 16),
(18, '2020-06-03 19:37:28', '2020-06-03 19:37:28', 'SALON 121', 17),
(19, '2020-06-03 19:37:28', '2020-06-03 19:37:28', 'SALON 122', 18),
(20, '2020-06-03 19:37:28', '2020-06-03 19:37:28', 'SALON 123', 19),
(21, '2020-06-03 19:37:28', '2020-06-03 19:37:28', 'SALON 124', 20),
(22, '2020-06-03 19:37:28', '2020-06-03 19:37:28', 'AULA 200', 21);

-- --------------------------------------------------------

--
-- Estructura de tabla para la tabla `cours`
--

CREATE TABLE `cours` (
  `id` bigint(20) UNSIGNED NOT NULL,
  `name` varchar(120) COLLATE utf8mb4_unicode_ci NOT NULL,
  `created_at` timestamp NULL DEFAULT NULL,
  `updated_at` timestamp NULL DEFAULT NULL
) ENGINE=InnoDB DEFAULT CHARSET=utf8mb4 COLLATE=utf8mb4_unicode_ci;

--
-- Volcado de datos para la tabla `cours`
--

INSERT INTO `cours` (`id`, `name`, `created_at`, `updated_at`) VALUES
(1, 'SEGURIDAD DE LA INFORMACION', '2020-06-03 19:37:06', '2020-06-03 19:37:06'),
(2, 'FUNDAMENTOS DE ECONOMIA Y MICRO', '2020-06-03 19:37:06', '2020-06-03 19:37:06'),
(3, 'FUNDAMENTOS PENSAMIENTO HUMANO', '2020-06-03 19:37:06', '2020-06-03 19:37:06'),
(4, 'ECONOMIA Y PRINCIPIOS FINANCIEROS ', '2020-06-03 19:37:06', '2020-06-03 19:37:06'),
(5, 'SEMINARIO DE AUTOFORMACION', '2020-06-03 19:37:06', '2020-06-03 19:37:06'),
(6, 'ADMINISTRACION DE LA PRODUCCION Y OPERACIONES', '2020-06-03 19:37:06', '2020-06-03 19:37:06'),
(7, 'FUNDAMENTOS DE MATEMATICAS', '2020-06-03 19:37:06', '2020-06-03 19:37:06'),
(8, 'ALGEBRA LINEAL', '2020-06-03 19:37:06', '2020-06-03 19:37:06'),
(9, 'HERRAMIENTAS INFORMATICAS', '2020-06-03 19:37:06', '2020-06-03 19:37:06'),
(10, 'MATEMATICAS FINANCIERAS I', '2020-06-03 19:37:06', '2020-06-03 19:37:06'),
(11, 'CONTABILIDAD FINANCIERA', '2020-06-03 19:37:07', '2020-06-03 19:37:07'),
(12, 'SEMINARIO PERMANENTE PARA LA AUTOFORMACION', '2020-06-03 19:37:07', '2020-06-03 19:37:07'),
(13, 'BIOLOGIA CELULAR Y MICROBIOLOGIA', '2020-06-03 19:37:07', '2020-06-03 19:37:07'),
(14, 'ARQUITECTURA DE SOFTWARE', '2020-06-03 19:37:07', '2020-06-03 19:37:07'),
(15, 'INFORMATICA Y TELEMATICA', '2020-06-03 19:37:07', '2020-06-03 19:37:07'),
(16, 'ELEMENTOS DE PROGRAMACION ORIENTADA A OBJETOS', '2020-06-03 19:37:07', '2020-06-03 19:37:07'),
(17, 'INFORMATICA APLICADA SISTEMA DE DISTRIBUCION', '2020-06-03 19:37:07', '2020-06-03 19:37:07'),
(18, 'INFORMATICA APLICADA', '2020-06-03 19:37:07', '2020-06-03 19:37:07'),
(19, 'TECNICAS DE COMUNICACION ORAL Y ESCRITA', '2020-06-03 19:37:07', '2020-06-03 19:37:07'),
(20, 'QUÍMICA GENERAL E INORGANICA', '2020-06-03 19:37:07', '2020-06-03 19:37:07'),
(21, 'MATEMÁTICA APLICADA Y ESTADISTICA', '2020-06-03 19:37:07', '2020-06-03 19:37:07'),
(22, 'SOCIO ANTROPOLOGIA DE LA SALUD', '2020-06-03 19:37:07', '2020-06-03 19:37:07'),
(23, 'TECNOLOGIA EN FARMACIA I', '2020-06-03 19:37:07', '2020-06-03 19:37:07'),
(24, 'PROSPECTIVA', '2020-06-03 19:37:07', '2020-06-03 19:37:07'),
(25, 'OPTATIVA-MICROFINANZAS', '2020-06-03 19:37:07', '2020-06-03 19:37:07'),
(26, 'OPTATIVA-ADMINISTRACION DEL CAPITAL DEL TRABAJO', '2020-06-03 19:37:07', '2020-06-03 19:37:07'),
(27, 'MORFOFISIOLOGIA', '2020-06-03 19:37:07', '2020-06-03 19:37:07'),
(28, 'SOCIO ANTROPOLOGIA DE LA SALUD', '2020-06-03 19:37:07', '2020-06-03 19:37:07'),
(29, 'ELECTIVA: FARMACO - EPIDEMIOLOGÍA', '2020-06-03 19:37:07', '2020-06-03 19:37:07'),
(30, 'ELECTIVA: TALLER DE EXPRESION CORPORAL', '2020-06-03 19:37:07', '2020-06-03 19:37:07'),
(31, 'ELECTIVA: SISTEMAS DE INFORMACION EN SALUD', '2020-06-03 19:37:07', '2020-06-03 19:37:07'),
(32, 'TALLER DE LITERATURA III', '2020-06-03 19:37:08', '2020-06-03 19:37:08'),
(33, 'OPTATIVA-ADMINISTRACION DE EMPRESAS DE ECONOMIA SOLIDARIA', '2020-06-03 19:37:08', '2020-06-03 19:37:08'),
(34, 'FARMACOLOGIA', '2020-06-03 19:37:08', '2020-06-03 19:37:08'),
(35, 'FUNDAMENTOS DE INVESTIGACION', '2020-06-03 19:37:08', '2020-06-03 19:37:08'),
(36, 'ANALISIS FINANCIERO', '2020-06-03 19:37:08', '2020-06-03 19:37:08'),
(37, 'ANALISIS DE PROCESOS DE TRABAJO', '2020-06-03 19:37:08', '2020-06-03 19:37:08'),
(38, 'GERENCIA ESTRATEGICA', '2020-06-03 19:37:08', '2020-06-03 19:37:08'),
(39, 'FARMACIA VETERINARIA', '2020-06-03 19:37:08', '2020-06-03 19:37:08'),
(40, 'FARMACIA MAGISTRAL', '2020-06-03 19:37:08', '2020-06-03 19:37:08'),
(41, 'AUDITORIA FINANCIERA', '2020-06-03 19:37:08', '2020-06-03 19:37:08'),
(42, 'ETICA Y BIOETICA', '2020-06-03 19:37:08', '2020-06-03 19:37:08'),
(43, 'PRACTICAS EN REGENCIA DE FARMACIA', '2020-06-03 19:37:08', '2020-06-03 19:37:08'),
(44, 'COMPETENCIAS COMUNICATIVAS II', '2020-06-03 19:37:08', '2020-06-03 19:37:08'),
(45, 'ATENCION INTEGRAL EN SALUD A LA PRIMERA INFANCIA', '2020-06-03 19:37:08', '2020-06-03 19:37:08'),
(46, 'PRACTICA II: DIDACTICA INFANCIA TEMPRANA (1 A 3 AÑOS)', '2020-06-03 19:37:08', '2020-06-03 19:37:08'),
(47, 'PRACTICA III: DIDACTICA EDAD PREESCOLAR (3 A 4 AÑOS)', '2020-06-03 19:37:08', '2020-06-03 19:37:08'),
(48, 'SEGURIDAD ALIMENTARIA NUTRICIONAL', '2020-06-03 19:37:08', '2020-06-03 19:37:08'),
(49, 'SEGURIDAD EN TRABAJOS DE ALTO RIESGOS', '2020-06-03 19:37:08', '2020-06-03 19:37:08'),
(50, 'SOCIO ANTROPOLOGÍA DE LA EDUCACIÓN', '2020-06-03 19:37:08', '2020-06-03 19:37:08'),
(51, 'ELECTIVA - LA INFORMATICA EN LA FORMACION INTEGRAL - PLAN IV -', '2020-06-03 19:37:09', '2020-06-03 19:37:09'),
(52, 'PROCESOS DE LECTURA Y ESCRITURA DEL NIÑO', '2020-06-03 19:37:09', '2020-06-03 19:37:09'),
(53, 'FORMACION DEPORTIVA Y ARTE', '2020-06-03 19:37:09', '2020-06-03 19:37:09'),
(54, 'INVESTIGACION Y PRACTICA VII: PROSPECTIVA DEL PEDAGOGO INTEGRAL PARA EL PREESCOLAR', '2020-06-03 19:37:09', '2020-06-03 19:37:09'),
(55, 'FILOSOFIA Y EDUCACION', '2020-06-03 19:37:09', '2020-06-03 19:37:09'),
(56, 'RIESGOS FINANCIEROS', '2020-06-03 19:37:09', '2020-06-03 19:37:09'),
(57, 'ETICA', '2020-06-03 19:37:09', '2020-06-03 19:37:09'),
(58, 'ELECTIVA III', '2020-06-03 19:37:09', '2020-06-03 19:37:09'),
(59, 'FILOSOFIA DEL ARTE', '2020-06-03 19:37:09', '2020-06-03 19:37:09'),
(60, 'QUIMICA FUNDAMENTAL II', '2020-06-03 19:37:09', '2020-06-03 19:37:09'),
(61, 'INTRODUCCION DE LOS SISTEMAS', '2020-06-03 19:37:09', '2020-06-03 19:37:09'),
(62, 'INTRODUCCION A LAS ARTES APLICADAS', '2020-06-03 19:37:09', '2020-06-03 19:37:09'),
(63, 'INTRODUCCION A LA INGENIERIA EN AGROECOLOGIA', '2020-06-03 19:37:09', '2020-06-03 19:37:09'),
(64, 'TECNOLOGIA Y REGION', '2020-06-03 19:37:09', '2020-06-03 19:37:09'),
(65, 'LOGICA DE SISTEMAS', '2020-06-03 19:37:09', '2020-06-03 19:37:09'),
(66, 'PROCESOS CREATIVOS EN MUSICA', '2020-06-03 19:37:09', '2020-06-03 19:37:09'),
(67, 'PROCESOS CREATIVOS EN TEATRO', '2020-06-03 19:37:09', '2020-06-03 19:37:09'),
(68, 'CALCULO UNIVARIADO', '2020-06-03 19:37:09', '2020-06-03 19:37:09'),
(69, 'EL INGLES COMO SEGUNDA LENGUA', '2020-06-03 19:37:09', '2020-06-03 19:37:09'),
(70, 'INVESTIGACION Y PRACTICA VI: CURRICULO PARA PREESCOLAR', '2020-06-03 19:37:09', '2020-06-03 19:37:09'),
(71, 'DISEÑO DEL PROYECTO DE INTERVENCION PEDAGOGICA', '2020-06-03 19:37:09', '2020-06-03 19:37:09'),
(72, 'EVALUACION DE LOS PROCESOS EDUCATIVOS', '2020-06-03 19:37:09', '2020-06-03 19:37:09'),
(73, 'INVESTIGACION Y PRACTICA VIII: ARTICULACION PREESCOLAR Y PRIMERO DE PRIMARIA', '2020-06-03 19:37:09', '2020-06-03 19:37:09'),
(74, 'LINEAMIENTOS DE LA BASICA PRIMARIA', '2020-06-03 19:37:10', '2020-06-03 19:37:10'),
(75, 'ANTROPOLOGIA Y EDUCACION', '2020-06-03 19:37:10', '2020-06-03 19:37:10'),
(76, 'CONSTITUCION POLITICA', '2020-06-03 19:37:10', '2020-06-03 19:37:10'),
(77, 'INVESTIGACION Y PRACTICA IX: NECESIDADES EDUCATIVAS ESPECIALES', '2020-06-03 19:37:10', '2020-06-03 19:37:10'),
(78, 'PROYECTO DE INVESTIGACION FORMATIVA II : INTERVENCION PEDAGOGICA', '2020-06-03 19:37:10', '2020-06-03 19:37:10'),
(79, 'PROYECTOS EDUCATIVOS ESPECIALES', '2020-06-03 19:37:10', '2020-06-03 19:37:10'),
(80, 'COMPETENCIAS COMUNICATIVAS- COGNITIVAS- LECTURA Y ESCRITURA', '2020-06-03 19:37:10', '2020-06-03 19:37:10'),
(81, 'INVESTIGACION Y PRACTICA X: LAS TIC EN EDUCACION', '2020-06-03 19:37:10', '2020-06-03 19:37:10'),
(82, 'EL ESTUDIO DE LOS ACTOS COMUNICATIVOS', '2020-06-03 19:37:10', '2020-06-03 19:37:10'),
(83, 'PROYECTO DE INVESTIGACION FORMATIVA: PEDAGOGIA DE LA LITERATURA', '2020-06-03 19:37:10', '2020-06-03 19:37:10'),
(84, 'EVALUACION POR PROCESOS', '2020-06-03 19:37:10', '2020-06-03 19:37:10'),
(85, 'ELECTIVA DE VII', '2020-06-03 19:37:10', '2020-06-03 19:37:10'),
(86, 'ELECTIVA DE HUMANIDADES - ARTE Y PINTURA', '2020-06-03 19:37:10', '2020-06-03 19:37:10'),
(87, 'ELECTIVA DE HUMANIDADES - RECREACION Y DEPORTE', '2020-06-03 19:37:10', '2020-06-03 19:37:10'),
(88, 'DESARROLLO DE COMPETENCIAS A TRAVES DEL LENGUAJE', '2020-06-03 19:37:10', '2020-06-03 19:37:10'),
(89, 'PEDAGOGIA PSICOSOCIAL DEL LENGUAJE', '2020-06-03 19:37:10', '2020-06-03 19:37:10'),
(90, 'ELECTIVA DE VIII', '2020-06-03 19:37:10', '2020-06-03 19:37:10'),
(91, 'PEDAGOGIA DE LA LITERATURA INFANTIL', '2020-06-03 19:37:10', '2020-06-03 19:37:10'),
(92, 'ELECTIVA DE IX', '2020-06-03 19:37:10', '2020-06-03 19:37:10'),
(93, 'LIC. EN EDUCACION BASICA CON ENFASIS EN LENGUA CASTELLANA', '2020-06-03 19:37:10', '2020-06-03 19:37:10'),
(94, 'PRODUCCION Y RECEPCION TEXTUAL INTERACTIVA', '2020-06-03 19:37:11', '2020-06-03 19:37:11'),
(95, 'PEDAGOGIA Y SOCIEDAD EN COLOMBIA', '2020-06-03 19:37:11', '2020-06-03 19:37:11'),
(96, 'FUNDAMENTOS DE ADMINISTRACION', '2020-06-03 19:37:11', '2020-06-03 19:37:11'),
(97, 'RECEPCION Y RESERVAS', '2020-06-03 19:37:11', '2020-06-03 19:37:11'),
(98, 'MACROECONOMIA', '2020-06-03 19:37:11', '2020-06-03 19:37:11'),
(99, 'ORGANIZACIONES', '2020-06-03 19:37:11', '2020-06-03 19:37:11'),
(100, 'FUNDAMENTOS DE CONTABILIDAD', '2020-06-03 19:37:11', '2020-06-03 19:37:11'),
(101, 'INFORMATICA Y METODOS CUANTITATIVOS', '2020-06-03 19:37:11', '2020-06-03 19:37:11'),
(102, 'COSTOS', '2020-06-03 19:37:11', '2020-06-03 19:37:11'),
(103, 'FORMACIÓN DEPORTIVA Y ARTE', '2020-06-03 19:37:11', '2020-06-03 19:37:11'),
(104, 'ESTADISTICA BASICA', '2020-06-03 19:37:11', '2020-06-03 19:37:11'),
(105, 'MATEMATICAS FINANCIERAS II', '2020-06-03 19:37:11', '2020-06-03 19:37:11'),
(106, 'FUNDAMENTOS DE MERCADEO', '2020-06-03 19:37:11', '2020-06-03 19:37:11'),
(107, 'INGLES DE NEGOCIOS I', '2020-06-03 19:37:11', '2020-06-03 19:37:11'),
(108, 'OPTATIVA - MICROFINANZAS', '2020-06-03 19:37:11', '2020-06-03 19:37:11'),
(109, 'PRESUPUESTOS', '2020-06-03 19:37:11', '2020-06-03 19:37:11'),
(110, 'ECONOMETRIA BASICA', '2020-06-03 19:37:11', '2020-06-03 19:37:11'),
(111, 'INGLES II', '2020-06-03 19:37:11', '2020-06-03 19:37:11'),
(112, 'INGLES I', '2020-06-03 19:37:11', '2020-06-03 19:37:11'),
(113, 'INGLES INTERMEDIO', '2020-06-03 19:37:11', '2020-06-03 19:37:11'),
(114, 'INGLES INTERMEDIO PARA EL TURISMO', '2020-06-03 19:37:11', '2020-06-03 19:37:11'),
(115, 'ELECTIVA: EDUCACIÓN EN SALUD', '2020-06-03 19:37:11', '2020-06-03 19:37:11'),
(116, 'ECONOMIA Y FINANZAS INTERNACIONALES', '2020-06-03 19:37:11', '2020-06-03 19:37:11'),
(117, 'ADMINISTRACION DE FARMACIA', '2020-06-03 19:37:11', '2020-06-03 19:37:11'),
(118, 'ESTADISTICA INFERENCIAL', '2020-06-03 19:37:11', '2020-06-03 19:37:11'),
(119, 'ELECTIVA: PRIMEROS AUXILIOS', '2020-06-03 19:37:11', '2020-06-03 19:37:11'),
(120, 'CONTABILIDAD Y PRESUPUESTOS', '2020-06-03 19:37:12', '2020-06-03 19:37:12'),
(121, 'TOXICOLOGIA', '2020-06-03 19:37:12', '2020-06-03 19:37:12'),
(122, 'FARMACOVIGILANCIA Y TECNOVIGILANCIA', '2020-06-03 19:37:12', '2020-06-03 19:37:12'),
(123, 'TEORIA E HISTORIA DE PEDAGOGÍA', '2020-06-03 19:37:12', '2020-06-03 19:37:12'),
(124, 'TEORIA DE SISTEMAS', '2020-06-03 19:37:12', '2020-06-03 19:37:12'),
(125, 'PROGRAMACION DE SISTEMAS INTELIGENTES', '2020-06-03 19:37:12', '2020-06-03 19:37:12'),
(126, 'AUDITORIA Y LEGISLACION INFORMATICA', '2020-06-03 19:37:12', '2020-06-03 19:37:12'),
(127, 'MODELOS DE CONOCIMIENTO', '2020-06-03 19:37:12', '2020-06-03 19:37:12'),
(128, 'MODELOS Y SIMULACION', '2020-06-03 19:37:12', '2020-06-03 19:37:12'),
(129, 'MODELOS DE CONTABLES', '2020-06-03 19:37:12', '2020-06-03 19:37:12'),
(130, 'MODERNIDAD Y POSMODERNIDAD EN EL ARTE', '2020-06-03 19:37:12', '2020-06-03 19:37:12'),
(131, 'MODELOS DE EVALUACION DE PROCESOS', '2020-06-03 19:37:12', '2020-06-03 19:37:12'),
(132, 'INVESTIGACION DE OPERACIONES', '2020-06-03 19:37:12', '2020-06-03 19:37:12'),
(133, 'INVESTIGACION DE MERCADOS ', '2020-06-03 19:37:12', '2020-06-03 19:37:12'),
(134, 'PRODUCCION ORAL Y ESCRITA', '2020-06-03 19:37:12', '2020-06-03 19:37:12'),
(135, 'QUIMICA GENERAL', '2020-06-03 19:37:12', '2020-06-03 19:37:12'),
(136, 'EXPRESION GRAFICA', '2020-06-03 19:37:12', '2020-06-03 19:37:12'),
(137, 'EXPRESION DEL INGLES', '2020-06-03 19:37:12', '2020-06-03 19:37:12'),
(138, 'CALCULO I', '2020-06-03 19:37:12', '2020-06-03 19:37:12'),
(139, 'CALCULO MULTIVARIADO', '2020-06-03 19:37:12', '2020-06-03 19:37:12'),
(140, 'CALCULO II', '2020-06-03 19:37:12', '2020-06-03 19:37:12'),
(141, 'CALCULO III', '2020-06-03 19:37:12', '2020-06-03 19:37:12'),
(142, 'COMPETENCIAS COMUNICATIVAS', '2020-06-03 19:37:12', '2020-06-03 19:37:12'),
(143, 'ELECTIVA NUCLEO APROVECHAMIENTO INTEGRAL Y SOSTENIBLE DEL BOSQUE', '2020-06-03 19:37:12', '2020-06-03 19:37:12'),
(144, 'MANEJO Y CONSERVACION DE SUELOS', '2020-06-03 19:37:13', '2020-06-03 19:37:13'),
(145, 'SILVICULTURA DE PLANTACIONES Y BOSQUE NATURAL', '2020-06-03 19:37:13', '2020-06-03 19:37:13'),
(146, 'ESPACIO Y PATRIMONIO CULTURAL Y TURISTICO', '2020-06-03 19:37:13', '2020-06-03 19:37:13'),
(147, 'FUNDAMENTOS DE PENSAMIENTO HUMANO	', '2020-06-03 19:37:13', '2020-06-03 19:37:13'),
(148, 'ADMINISTRACION DE LA PRODUCCION Y OPERACIONES', '2020-06-03 19:37:13', '2020-06-03 19:37:13'),
(149, 'FUNDAMENTOS DE SEGURIDAD SOCIAL Y SEGURIDAD Y SALUD EN EL TRABAJO', '2020-06-03 19:37:13', '2020-06-03 19:37:13'),
(150, 'QUÍMICA APLICADA', '2020-06-03 19:37:13', '2020-06-03 19:37:13'),
(151, 'REDES NEURONALES', '2020-06-03 19:37:13', '2020-06-03 19:37:13'),
(152, 'TRABAJO COMUNITARIO', '2020-06-03 19:37:13', '2020-06-03 19:37:13'),
(153, 'MINERIA DE DATOS', '2020-06-03 19:37:13', '2020-06-03 19:37:13'),
(154, 'LA PROPUESTA EDUCATIVA DESDE EL DESARROLLO DEL LENGUAJE', '2020-06-03 19:37:13', '2020-06-03 19:37:13'),
(155, 'LOGISTICA - GESTION Y ORGANIZACION DE EVENTOS', '2020-06-03 19:37:13', '2020-06-03 19:37:13'),
(156, 'ANATOMIA Y FISIOLOGIA', '2020-06-03 19:37:13', '2020-06-03 19:37:13'),
(157, 'RIESGOS LABORALES', '2020-06-03 19:37:13', '2020-06-03 19:37:13'),
(158, 'ETICA PROFESIONAL', '2020-06-03 19:37:13', '2020-06-03 19:37:13'),
(159, 'MEDICINA PREVENTIVA', '2020-06-03 19:37:13', '2020-06-03 19:37:13'),
(160, 'ELECTIVA I', '2020-06-03 19:37:13', '2020-06-03 19:37:13'),
(161, 'MEDICION DE CONTAMINANTES AMBIENTALES', '2020-06-03 19:37:13', '2020-06-03 19:37:13'),
(162, 'FISICA II', '2020-06-03 19:37:13', '2020-06-03 19:37:13'),
(163, 'ELECTIVA II', '2020-06-03 19:37:13', '2020-06-03 19:37:13'),
(164, 'ELECTIVA III', '2020-06-03 19:37:13', '2020-06-03 19:37:13'),
(165, 'OPTATIVA II', '2020-06-03 19:37:13', '2020-06-03 19:37:13'),
(166, 'ELECTIVA PROFESIONAL II - SISTEMAS DE CONTROL DE INFORMACION', '2020-06-03 19:37:13', '2020-06-03 19:37:13'),
(167, 'ELECTIVA PROFESIONAL I', '2020-06-03 19:37:13', '2020-06-03 19:37:13'),
(168, 'ELECTIVA PROFESIONAL III - INFORMATICA FORENSE', '2020-06-03 19:37:13', '2020-06-03 19:37:13'),
(169, 'ELECTIVA HUMANIDADES - RECUPERACION Y DEPORTE', '2020-06-03 19:37:13', '2020-06-03 19:37:13'),
(170, 'FORMULACION Y EVALUACION DE PROYECTOS', '2020-06-03 19:37:14', '2020-06-03 19:37:14'),
(171, 'SEMINARIO I: CARACTERIZACION DEL SISTEMA DE RIESGOS LABORALES', '2020-06-03 19:37:14', '2020-06-03 19:37:14'),
(172, 'SEMINARIO II: ANALISIS DE CONDICIONES DE SALUD Y DE TRABAJO', '2020-06-03 19:37:14', '2020-06-03 19:37:14'),
(173, 'FISICA APLICADA', '2020-06-03 19:37:14', '2020-06-03 19:37:14'),
(174, 'MEDICINA DEL TRABAJO', '2020-06-03 19:37:14', '2020-06-03 19:37:14'),
(175, 'PELIGROS PSICOSOCIALES', '2020-06-03 19:37:14', '2020-06-03 19:37:14'),
(176, 'PELIGROS EN LAS CONDICIONES DE HIGIENE', '2020-06-03 19:37:14', '2020-06-03 19:37:14'),
(177, 'VIGILANCIA EPIDEMIOLOGICA', '2020-06-03 19:37:14', '2020-06-03 19:37:14'),
(178, 'ESTADISTICA', '2020-06-03 19:37:14', '2020-06-03 19:37:14'),
(179, 'MANEJO AGROECOLOGICO DEL SUELO', '2020-06-03 19:37:14', '2020-06-03 19:37:14'),
(180, 'ECUACIONES DIFERENCIALES', '2020-06-03 19:37:14', '2020-06-03 19:37:14'),
(181, 'ECOLOGIA DEL INSECTO', '2020-06-03 19:37:14', '2020-06-03 19:37:14'),
(182, 'ELECTIVA II', '2020-06-03 19:37:14', '2020-06-03 19:37:14'),
(183, 'ELECTIVA II - DISCIPLINAR', '2020-06-03 19:37:14', '2020-06-03 19:37:14'),
(184, 'PELIGROS EN LAS CONDICIONES DE SEGURIDAD', '2020-06-03 19:37:14', '2020-06-03 19:37:14'),
(185, 'TOXICOLOGIA OCUPACIONAL', '2020-06-03 19:37:14', '2020-06-03 19:37:14'),
(186, 'ERGONOMIA Y PELIGROS BIOMECANICOS', '2020-06-03 19:37:14', '2020-06-03 19:37:14'),
(187, 'CONTINGENCIAS EN EL TRABAJO', '2020-06-03 19:37:14', '2020-06-03 19:37:14'),
(188, 'INGENIERIA DE SOFTWARE', '2020-06-03 19:37:14', '2020-06-03 19:37:14'),
(189, 'INGENIERIA DE NEGOCIOS', '2020-06-03 19:37:14', '2020-06-03 19:37:14'),
(190, 'COSTOS Y PRESUPUESTOS', '2020-06-03 19:37:14', '2020-06-03 19:37:14'),
(191, 'GESTION Y DESARROLLO DE DESTINOS TURISTICOS', '2020-06-03 19:37:14', '2020-06-03 19:37:14'),
(192, 'SISTEMAS INTEGRADOS DE GESTION', '2020-06-03 19:37:15', '2020-06-03 19:37:15'),
(193, 'SISTEMAS OPERATIVOS', '2020-06-03 19:37:15', '2020-06-03 19:37:15'),
(194, 'SISTEMAS INTEGRADOS DE CALIDAD', '2020-06-03 19:37:15', '2020-06-03 19:37:15'),
(195, 'DESARROLLO INTEGRAL INFANTIL I', '2020-06-03 19:37:15', '2020-06-03 19:37:15'),
(196, 'FILOSOFIA DE LA EDUCACIÓN', '2020-06-03 19:37:15', '2020-06-03 19:37:15'),
(197, 'PRACTICA IV: DIDACTICA TRANSICIÓN (5 A 6 AÑOS)', '2020-06-03 19:37:15', '2020-06-03 19:37:15'),
(198, 'PRACTICA EMPRESARIAL', '2020-06-03 19:37:15', '2020-06-03 19:37:15'),
(199, 'INVESTIGACION I', '2020-06-03 19:37:15', '2020-06-03 19:37:15'),
(200, 'INVESTIGACION II', '2020-06-03 19:37:15', '2020-06-03 19:37:15'),
(201, 'TECNOLOGIA EN FARMACIA II', '2020-06-03 19:37:15', '2020-06-03 19:37:15'),
(202, 'OPTATIVA - PSICOLOGIA EMPRESARIAL', '2020-06-03 19:37:15', '2020-06-03 19:37:15'),
(203, 'OPTATIVA - ADMINISTRACION DE EMPRESAS DE ECONOMIA SOLIDARIA', '2020-06-03 19:37:15', '2020-06-03 19:37:15'),
(204, 'OPTATIVA I: TECNICAS PARA LA INVESTIGACION  DE RIESGOS LABORALES', '2020-06-03 19:37:15', '2020-06-03 19:37:15'),
(205, 'OPTATIVA II: HERRAMIENTAS INFORMATICAS PARA LA INVESTIGACION Y EDUCACIÓN EN SEGURIDAD Y SALUD EN EL TRABAJO ', '2020-06-03 19:37:15', '2020-06-03 19:37:15'),
(206, 'ADMINISTRACION DE TALENTO HUMANO', '2020-06-03 19:37:15', '2020-06-03 19:37:15'),
(207, 'OPTATIVA - LITERATURA: LITERATURA INFANTIL Y MUSICA ', '2020-06-03 19:37:15', '2020-06-03 19:37:15'),
(208, 'NIVELES DE LA LENGUA I: FONETICA Y FONOLOGÍA', '2020-06-03 19:37:15', '2020-06-03 19:37:15'),
(209, 'AMBIENTE- DESARROLLO Y SOCIEDAD  ', '2020-06-03 19:37:15', '2020-06-03 19:37:15'),
(210, 'CONSTITUCIÓN POLÍTICA', '2020-06-03 19:37:15', '2020-06-03 19:37:15'),
(211, 'ECOTURISMO', '2020-06-03 19:37:15', '2020-06-03 19:37:15'),
(212, 'INGLES BASICO PARA EL TURISMO', '2020-06-03 19:37:15', '2020-06-03 19:37:15'),
(213, 'INGLES AVANZADO PARA EL TURISMO', '2020-06-03 19:37:15', '2020-06-03 19:37:15'),
(214, 'SEMINARIO PERMANENTE PARA LA AUTOFOMACIÓN', '2020-06-03 19:37:15', '2020-06-03 19:37:15'),
(215, 'SEMINARIO PROP DE MEJOR DE LAS CONDICIONES DE SALUD Y DE TRABAJO', '2020-06-03 19:37:15', '2020-06-03 19:37:15'),
(216, 'PRESENTACION PROYECTO DE INVESTIGACION DE V A VII NIVEL  ', '2020-06-03 19:37:15', '2020-06-03 19:37:15'),
(217, 'PRESENTACION PROYECTO DE INVESTIGACION DE IV NIVEL  ', '2020-06-03 19:37:15', '2020-06-03 19:37:15'),
(218, 'GERENCIA DE MERCADEO', '2020-06-03 19:37:15', '2020-06-03 19:37:15'),
(219, 'DIMENSION ESTETICA', '2020-06-03 19:37:15', '2020-06-03 19:37:15'),
(220, 'GERENCIA DEL TALENTO HUMANO', '2020-06-03 19:37:16', '2020-06-03 19:37:16'),
(221, 'MATEMÁTICA DE LO COTIDIANO', '2020-06-03 19:37:16', '2020-06-03 19:37:16'),
(222, 'QUÍMICA FUNDAMENTAL I', '2020-06-03 19:37:16', '2020-06-03 19:37:16'),
(223, 'DIAGNOSTICO EMPRESARIAL', '2020-06-03 19:37:16', '2020-06-03 19:37:16'),
(224, 'DIAGNOSTICO DE CONDICIONES DE SALUD Y TRABAJO', '2020-06-03 19:37:16', '2020-06-03 19:37:16'),
(225, 'SEMINARIO PERMANENTE DE AUTOFORMACION', '2020-06-03 19:37:16', '2020-06-03 19:37:16'),
(226, 'PRESENTACION PROYECTO DE INVESTIGACION DE IV NIVEL', '2020-06-03 19:37:16', '2020-06-03 19:37:16'),
(227, 'PRACTICA I BÁSICA PRIMARIA', '2020-06-03 19:37:16', '2020-06-03 19:37:16'),
(228, 'FORMAS MUSICALES AUTOCTONAS', '2020-06-03 19:37:16', '2020-06-03 19:37:16'),
(229, 'PRACTICA II BÁSICA SECUNDARIA', '2020-06-03 19:37:16', '2020-06-03 19:37:16'),
(230, 'QUÍMICA FUNDAMENTAL II', '2020-06-03 19:37:16', '2020-06-03 19:37:16'),
(231, 'CALCULO', '2020-06-03 19:37:16', '2020-06-03 19:37:16'),
(232, 'QUIMICA FUNDAMENTAL I', '2020-06-03 19:37:16', '2020-06-03 19:37:16'),
(233, 'QUIMICA ORGANICA', '2020-06-03 19:37:16', '2020-06-03 19:37:16'),
(234, 'QUIMICA DEL SUELO', '2020-06-03 19:37:16', '2020-06-03 19:37:16'),
(235, 'MICROBIOLOGÍA GENERAL', '2020-06-03 19:37:16', '2020-06-03 19:37:16'),
(236, 'COMUNICACIÓN CIENTIFICA', '2020-06-03 19:37:16', '2020-06-03 19:37:16'),
(237, 'MUNDO ANIMAL: VERTEBRADOS', '2020-06-03 19:37:16', '2020-06-03 19:37:16'),
(238, 'PENSAMIENTO CULTURA Y EDUCACIÓN', '2020-06-03 19:37:16', '2020-06-03 19:37:16'),
(239, 'PRACTICA III EDUCACIÓN MEDIA', '2020-06-03 19:37:16', '2020-06-03 19:37:16'),
(240, 'TURISMO DE LA NATURALEZA', '2020-06-03 19:37:16', '2020-06-03 19:37:16'),
(241, 'TECNOLOGíA DE LA INFORMACIÓN Y LA COMUNICACIÓN', '2020-06-03 19:37:16', '2020-06-03 19:37:16'),
(242, 'MEDINA PREVENTIVA', '2020-06-03 19:37:17', '2020-06-03 19:37:17'),
(243, 'BOTÁNICA TAXONÓMICA Y SISTEMÁTICA', '2020-06-03 19:37:17', '2020-06-03 19:37:17'),
(244, 'INFORMATICA BASICA', '2020-06-03 19:37:17', '2020-06-03 19:37:17'),
(245, 'TAXONOMIA DEL SUELO', '2020-06-03 19:37:17', '2020-06-03 19:37:17'),
(246, 'PRACTICA IV GRADO 1°2°3°', '2020-06-03 19:37:17', '2020-06-03 19:37:17'),
(247, 'INVESTIGACIÓN I', '2020-06-03 19:37:17', '2020-06-03 19:37:17'),
(248, 'BIOQUÍMICA', '2020-06-03 19:37:17', '2020-06-03 19:37:17'),
(249, 'ÉTICA Y CULTURA DE LA PAZ', '2020-06-03 19:37:17', '2020-06-03 19:37:17'),
(250, 'ELECTIVA TECNOLOGICA - ADMINISTRACION DE SERVIDORES', '2020-06-03 19:37:17', '2020-06-03 19:37:17'),
(251, 'ELECTIVA TECNOLOGICA - SEGURIDAD DE REDES', '2020-06-03 19:37:17', '2020-06-03 19:37:17'),
(252, 'ELECTIVA SOCIOHUMANISTICA', '2020-06-03 19:37:17', '2020-06-03 19:37:17'),
(253, 'ELECTIVAS', '2020-06-03 19:37:17', '2020-06-03 19:37:17'),
(254, 'LA PEDAGOGIA DEL INGLES EN EL PREESCOLAR', '2020-06-03 19:37:17', '2020-06-03 19:37:17'),
(255, 'DIDACTICA DE LAS CIENCIAS NATURALES I', '2020-06-03 19:37:17', '2020-06-03 19:37:17'),
(256, 'FISICA FUNDAMENTAL', '2020-06-03 19:37:17', '2020-06-03 19:37:17'),
(257, 'ELECTIVA DISCIPLINAR', '2020-06-03 19:37:17', '2020-06-03 19:37:17'),
(258, 'BIOFISICA', '2020-06-03 19:37:17', '2020-06-03 19:37:17'),
(259, 'DIDACTICA DE LAS CIENCIAS NATURALES II', '2020-06-03 19:37:17', '2020-06-03 19:37:17'),
(260, 'METODOLOGIA DE LA INVESTIGACION', '2020-06-03 19:37:17', '2020-06-03 19:37:17'),
(261, 'METODOLOGIA DE DISEÑO DE SOFTWARE', '2020-06-03 19:37:17', '2020-06-03 19:37:17'),
(262, 'DISEÑO DE PRODUCTO TURISTICO', '2020-06-03 19:37:18', '2020-06-03 19:37:18'),
(263, 'DISEÑO DE PROYECTO DE INTERVENCION PEDAGOGICA ', '2020-06-03 19:37:18', '2020-06-03 19:37:18'),
(264, 'DISEÑO DE REDES', '2020-06-03 19:37:18', '2020-06-03 19:37:18'),
(265, 'DISEÑO EXPERIMENTAL', '2020-06-03 19:37:18', '2020-06-03 19:37:18'),
(266, 'ETICA Y VALORES', '2020-06-03 19:37:18', '2020-06-03 19:37:18'),
(267, 'PRACTICA PEDAGOGICA I', '2020-06-03 19:37:18', '2020-06-03 19:37:18'),
(268, 'PRACTICA PEDAGOGICA II', '2020-06-03 19:37:18', '2020-06-03 19:37:18'),
(269, 'PROYECTOS PEDAGOGICOS', '2020-06-03 19:37:18', '2020-06-03 19:37:18'),
(270, 'FISIOLOGIA VEGETAL', '2020-06-03 19:37:18', '2020-06-03 19:37:18'),
(271, 'GEOGRAFIA Y MEDIO AMBIENTE', '2020-06-03 19:37:18', '2020-06-03 19:37:18'),
(272, 'FISIOLOGIA ANIMAL', '2020-06-03 19:37:18', '2020-06-03 19:37:18'),
(273, 'ANIMACION SOCIOCULTURAL', '2020-06-03 19:37:18', '2020-06-03 19:37:18'),
(274, 'ECOLOGIA', '2020-06-03 19:37:18', '2020-06-03 19:37:18'),
(275, 'AMBIENTE- DESARROLLO Y SOCIEDAD', '2020-06-03 19:37:18', '2020-06-03 19:37:18'),
(276, 'IMPACTO Y GESTION AMBIENTAL', '2020-06-03 19:37:18', '2020-06-03 19:37:18'),
(277, 'GENETICA Y EVOLUCION', '2020-06-03 19:37:18', '2020-06-03 19:37:18'),
(278, 'GENETICA', '2020-06-03 19:37:18', '2020-06-03 19:37:18'),
(279, 'SUSTENTACION PROYECTO', '2020-06-03 19:37:18', '2020-06-03 19:37:18'),
(280, 'LECTURA Y ESCRITURA EN LA UNIVERSIDAD', '2020-06-03 19:37:18', '2020-06-03 19:37:18'),
(281, 'PRACTICA DE OBSERVACIÓN I: CONTEXTUALIZACION', '2020-06-03 19:37:18', '2020-06-03 19:37:18'),
(282, 'PRACTICA DE OBSERVACIÓN III: ENSEÑANZA DE LA LITER- Y LA LENGUA', '2020-06-03 19:37:18', '2020-06-03 19:37:18'),
(283, 'PRACTICA DE OBSERVACIÓN IV: ENSEÑANZA DE LA LITER- Y LA LENGUA CASTELLANA: SECUNDARIA Y MEDIA', '2020-06-03 19:37:18', '2020-06-03 19:37:18'),
(284, 'LENGUAJE- COGNITIVO Y SOCIEDAD', '2020-06-03 19:37:18', '2020-06-03 19:37:18'),
(285, 'RITMO Y MOVIMIENTO EN LA DANZA', '2020-06-03 19:37:18', '2020-06-03 19:37:18'),
(286, 'TECNOLOGIA DE LA INFORMACIÓN Y LA COMUNICACIÓN', '2020-06-03 19:37:18', '2020-06-03 19:37:18'),
(287, 'PRACTICA DE OBSERVACIÓN II: PRACTICAS PEDAGOGICAS', '2020-06-03 19:37:18', '2020-06-03 19:37:18'),
(288, 'PEDAGOGÍA Y SOCIEDAD EN COLOMBIA', '2020-06-03 19:37:19', '2020-06-03 19:37:19'),
(289, 'ESTUDIO DEL TEXTO LITERARIO I', '2020-06-03 19:37:19', '2020-06-03 19:37:19'),
(290, 'ESTUDIO DEL TEXTO LITERARIO II', '2020-06-03 19:37:19', '2020-06-03 19:37:19'),
(291, 'ESTUDIO DEL TEXTO LITERARIO III', '2020-06-03 19:37:19', '2020-06-03 19:37:19'),
(292, 'PRACTICA DE OBSERVACIÓN III: ENSEÑANZA DE LA LITER- Y LA LENGUA', '2020-06-03 19:37:19', '2020-06-03 19:37:19'),
(293, 'MATEMATICAS APLICADA Y ESTADISTICA	', '2020-06-03 19:37:19', '2020-06-03 19:37:19'),
(294, 'ESTADO REGIONAL DE ARTE', '2020-06-03 19:37:19', '2020-06-03 19:37:19'),
(295, 'APLICACION DE LA PROGRAMACION ORIENTADA A OBJETOS', '2020-06-03 19:37:19', '2020-06-03 19:37:19'),
(296, 'LECTURA Y ESCRITURA EN LA ESCUELA', '2020-06-03 19:37:19', '2020-06-03 19:37:19'),
(297, 'NIVELES DE LA LENGUA II: MORFO-SINTAXIS', '2020-06-03 19:37:19', '2020-06-03 19:37:19'),
(298, 'EPISTEMOLOGIA Y CONSTRUCCIÓN DEL PENSAMIENTO', '2020-06-03 19:37:19', '2020-06-03 19:37:19'),
(299, 'PRACTICA DE OBSERVACIÓN IV: ENSEÑANZA DE LA LITER- Y LA LENGUA CASTELLANA : SECUNDARIA Y MEDIA', '2020-06-03 19:37:19', '2020-06-03 19:37:19'),
(300, 'NIVELES DE LA LENGUA III: SEMÁNTICA Y PRAGMÁTICA', '2020-06-03 19:37:19', '2020-06-03 19:37:19'),
(301, 'PRACTICA DE FORMACIÓN I: DIDÁCTICA DEL LENGUAJE', '2020-06-03 19:37:19', '2020-06-03 19:37:19'),
(302, 'EPISTEMOLOGIA Y CONSTRUCCIÓN DEL PENSAMIENTO', '2020-06-03 19:37:20', '2020-06-03 19:37:20'),
(303, 'INVESTIGACIÓN II', '2020-06-03 19:37:20', '2020-06-03 19:37:20'),
(304, 'ETICA Y CULTURA DE LA PAZ', '2020-06-03 19:37:20', '2020-06-03 19:37:20'),
(305, 'PRACTICA DE FORMACIÓN II: DIDACTICA DE LA LITERATURA', '2020-06-03 19:37:20', '2020-06-03 19:37:20'),
(306, 'ADMINISTRACIÓN Y LEGISLACIÓN EDUCATIVA', '2020-06-03 19:37:20', '2020-06-03 19:37:20'),
(307, 'SEMINARIO DE PRACTICA PROFESIONAL I: BÁSICA PRIMARIA', '2020-06-03 19:37:20', '2020-06-03 19:37:20'),
(308, 'PROFUNDIZACION EN PROGRAMACION ORIENTADA A OBJETOS', '2020-06-03 19:37:20', '2020-06-03 19:37:20'),
(309, 'SEMINARIO DE LITERATURA COLOMBIANA', '2020-06-03 19:37:20', '2020-06-03 19:37:20'),
(310, 'SEMINARIO DE PRACTICA PROFESIONAL II: BÁSICA SECUNDARIA', '2020-06-03 19:37:20', '2020-06-03 19:37:20'),
(311, 'COMPETENCIAS CUMUNICATIVAS I', '2020-06-03 19:37:20', '2020-06-03 19:37:20'),
(312, 'HISTORIA Y EPISTEMOLOGIA DE LA EDUCACIÓN', '2020-06-03 19:37:20', '2020-06-03 19:37:20'),
(313, 'PRACTICA I: DIDACTICA PRIMERA EDAD (0 A 12 MESES)', '2020-06-03 19:37:20', '2020-06-03 19:37:20'),
(314, 'DESARROLLO INTEGRAL INFANTIL II', '2020-06-03 19:37:20', '2020-06-03 19:37:20'),
(315, 'GERENCIA FINANCIERA', '2020-06-03 19:37:20', '2020-06-03 19:37:20'),
(316, 'EDUCACION PARA LA SEXUALIDAD', '2020-06-03 19:37:20', '2020-06-03 19:37:20'),
(317, 'GESTION DE INFORMACION I', '2020-06-03 19:37:20', '2020-06-03 19:37:20'),
(318, 'GESTION DE INFORMACION II', '2020-06-03 19:37:20', '2020-06-03 19:37:20'),
(319, 'GESTION DEL TALENTO HUMANO', '2020-06-03 19:37:20', '2020-06-03 19:37:20'),
(320, 'GESTION DE SERVICIOS DE LA HOSPITALIDAD', '2020-06-03 19:37:20', '2020-06-03 19:37:20'),
(321, 'GESTION DE SERVICIOS DE ALIMENTACION', '2020-06-03 19:37:21', '2020-06-03 19:37:21'),
(322, 'GESTION DE SERVICIOS DE VIAJES Y TURISMO', '2020-06-03 19:37:21', '2020-06-03 19:37:21'),
(323, 'PROCESOS DE APRENDIZAJE EN EL NIÑO', '2020-06-03 19:37:21', '2020-06-03 19:37:21'),
(324, 'OPTATIVA LITERATURA: LITERATURA INFANTIL Y MÚSICA', '2020-06-03 19:37:21', '2020-06-03 19:37:21'),
(325, 'FAMILIA E INFANCIA', '2020-06-03 19:37:21', '2020-06-03 19:37:21'),
(326, 'PROCESOS DEL LENGUAJE DEL NIÑO', '2020-06-03 19:37:21', '2020-06-03 19:37:21'),
(327, 'ESTIMULACIÓN PARA EL DESARROLLO INFANTIL', '2020-06-03 19:37:21', '2020-06-03 19:37:21'),
(328, 'EL DISCURSO LITERARIO PSICOCRITICA', '2020-06-03 19:37:21', '2020-06-03 19:37:21'),
(329, 'FISICA GENERAL', '2020-06-03 19:37:21', '2020-06-03 19:37:21'),
(330, 'FISICA', '2020-06-03 19:37:21', '2020-06-03 19:37:21'),
(331, 'COCINA BASICA DE MESA Y BAR', '2020-06-03 19:37:21', '2020-06-03 19:37:21'),
(332, 'ETICA CIUDADANIA Y EDUCACIÓN PARA LA PAZ', '2020-06-03 19:37:21', '2020-06-03 19:37:21'),
(333, 'PRACTICA V: APS (0 A 2 AÑOS)', '2020-06-03 19:37:21', '2020-06-03 19:37:21'),
(334, 'PEDAGOGÍAS CONTEMPORANES', '2020-06-03 19:37:21', '2020-06-03 19:37:21'),
(335, 'ELECTIVA IX', '2020-06-03 19:37:21', '2020-06-03 19:37:21'),
(336, 'ELECTIVA I - SOCIOHUMANISTICA', '2020-06-03 19:37:21', '2020-06-03 19:37:21'),
(337, 'INGLES BASICO ', '2020-06-03 19:37:21', '2020-06-03 19:37:21'),
(338, 'INGLES BASICO CON ENFASIS EN PRONUNCIACION', '2020-06-03 19:37:21', '2020-06-03 19:37:21'),
(339, 'INGLES BASICO CON ENFASIS LECTURA Y ESCRITURA', '2020-06-03 19:37:21', '2020-06-03 19:37:21'),
(340, 'INGLES DE NEGOCIOS II', '2020-06-03 19:37:22', '2020-06-03 19:37:22'),
(341, 'SISTEMAS AGROFORESTALES', '2020-06-03 19:37:22', '2020-06-03 19:37:22'),
(342, 'INGLES TECNICO', '2020-06-03 19:37:22', '2020-06-03 19:37:22'),
(343, 'PARQUES Y RESERVAS NATURALES', '2020-06-03 19:37:22', '2020-06-03 19:37:22'),
(344, 'APROVECHAMIENTO FORESTAL', '2020-06-03 19:37:22', '2020-06-03 19:37:22'),
(345, 'FUNDAMENTOS DE FOTOGRAMETRIA Y FOTOINTERPRETACION', '2020-06-03 19:37:22', '2020-06-03 19:37:22'),
(346, 'FARMACOLOGIA', '2020-06-03 19:37:22', '2020-06-03 19:37:22'),
(347, 'MATEMATICAS DE LO COTIDIANO', '2020-06-03 19:37:22', '2020-06-03 19:37:22'),
(348, 'ELECTIVA - TALLER INTEGRAL DE TEATRO - PLAN IV', '2020-06-03 19:37:22', '2020-06-03 19:37:22'),
(349, 'ELECTIVA - TALLER INTEGRAL DE DANZA', '2020-06-03 19:37:22', '2020-06-03 19:37:22'),
(350, 'ELECTIVA - EDUCACION SEXUAL - PLAN IV -', '2020-06-03 19:37:22', '2020-06-03 19:37:22'),
(351, 'ELECTIVA - PEDAGOGIA - CREATIVIDAD Y LUDICA - PLAN IV -', '2020-06-03 19:37:22', '2020-06-03 19:37:22'),
(352, 'TALLER DE LITERATURA I', '2020-06-03 19:37:22', '2020-06-03 19:37:22'),
(353, 'TALLER DE LITERATURA II', '2020-06-03 19:37:22', '2020-06-03 19:37:22'),
(354, 'TALLER DE EXPRESION Y CREACION ARTISTICA', '2020-06-03 19:37:22', '2020-06-03 19:37:22'),
(355, 'TALLER INTEGAL DE TEATRO', '2020-06-03 19:37:22', '2020-06-03 19:37:22'),
(356, 'TALLER INTEGAL DE MUSICA', '2020-06-03 19:37:22', '2020-06-03 19:37:22'),
(357, 'PROBABILIDAD I', '2020-06-03 19:37:22', '2020-06-03 19:37:22'),
(358, 'PROBABILIDAD II', '2020-06-03 19:37:22', '2020-06-03 19:37:22'),
(359, 'ELECTIVA - PROYECTOS EDUCATIVOS INSTITUCIONALES - PLAN IV -', '2020-06-03 19:37:22', '2020-06-03 19:37:22'),
(360, 'ELECTIVA - PROBLEMAS DE COMPORTAMIENTO Y DEL APRENDIZAJE INFANTIL - PLAN IV -', '2020-06-03 19:37:22', '2020-06-03 19:37:22'),
(361, 'ELECTIVA - NUCLEO PROTECCION Y RECUPERACION DE ECOSISTEMAS FORESTALES IV NIVEL', '2020-06-03 19:37:22', '2020-06-03 19:37:22'),
(362, 'ELECTIVA - NUCLEO PROTEECION Y RECUPERACION DE ECOSISTEMAS FORESTALES RECURSOS PROMISORIOS ', '2020-06-03 19:37:22', '2020-06-03 19:37:22'),
(363, 'ELECTIVA - NUCLEO DESARROLO HUMANO Y HABILIDADES COMUNICATIVAS', '2020-06-03 19:37:22', '2020-06-03 19:37:22'),
(364, 'CLIMATOLOGIA', '2020-06-03 19:37:23', '2020-06-03 19:37:23'),
(365, 'ELECTIVA - NUCLEO RAZONAMIENTO MATEMATICO', '2020-06-03 19:37:23', '2020-06-03 19:37:23'),
(366, 'LEGISLACION EMPRESARIAL', '2020-06-03 19:37:23', '2020-06-03 19:37:23'),
(367, 'PARQUES Y RESERVAS NATURALES', '2020-06-03 19:37:23', '2020-06-03 19:37:23'),
(368, 'LEGISLACION EN SEGURIDAD Y SALUD EN EL TRABAJO', '2020-06-03 19:37:23', '2020-06-03 19:37:23'),
(369, 'OPTATIVA - ADMINISTRACION DEL CAPITAL TRABAJO', '2020-06-03 19:37:23', '2020-06-03 19:37:23'),
(370, 'EDUCACION AMBIENTAL', '2020-06-03 19:37:23', '2020-06-03 19:37:23'),
(371, 'ADMINISTRACION DEL TALENTO HUMANO', '2020-06-03 19:37:23', '2020-06-03 19:37:23'),
(372, 'MERCADO DE CAPITALES', '2020-06-03 19:37:23', '2020-06-03 19:37:23'),
(373, 'PROSPECTIVA', '2020-06-03 19:37:23', '2020-06-03 19:37:23'),
(374, 'LEGISLACION TRIBUTARIA', '2020-06-03 19:37:23', '2020-06-03 19:37:23'),
(375, 'EVALUACION Y GERENCIA DE PROYECTOS', '2020-06-03 19:37:23', '2020-06-03 19:37:23'),
(376, 'GERENCIA DE PROYECTOS', '2020-06-03 19:37:23', '2020-06-03 19:37:23'),
(377, 'JUEGOS GERENCIALES', '2020-06-03 19:37:23', '2020-06-03 19:37:23'),
(378, 'POLITICA DE NEGOCIOS', '2020-06-03 19:37:23', '2020-06-03 19:37:23'),
(379, 'POLITICA Y PLANEACION DEL TURISMO', '2020-06-03 19:37:23', '2020-06-03 19:37:23'),
(380, 'INVENTARIO FORESTAL', '2020-06-03 19:37:23', '2020-06-03 19:37:23'),
(381, 'ELECTIVA - NUCLEO PROTECCION Y RECUPERACION DE ECOSISTEMAS FORESTALES RECURSOS PROMISORIOS', '2020-06-03 19:37:23', '2020-06-03 19:37:23'),
(382, 'DASOMETRIA', '2020-06-03 19:37:23', '2020-06-03 19:37:23'),
(383, 'CONTABILIDAD Y ADMINISTRACION DE EMPRESAS FORESTALES', '2020-06-03 19:37:23', '2020-06-03 19:37:23'),
(384, 'EDAFOLOGIA', '2020-06-03 19:37:23', '2020-06-03 19:37:23'),
(385, 'PROPIEDAD Y TECNOLOGIA DE LA MADERA', '2020-06-03 19:37:23', '2020-06-03 19:37:23'),
(386, 'BIOLOGIA FUNDAMENTAL', '2020-06-03 19:37:23', '2020-06-03 19:37:23'),
(387, 'BIOLOGIA GENERAL', '2020-06-03 19:37:23', '2020-06-03 19:37:23'),
(388, 'SUBJETIVIDAD Y EDUCACIÓN', '2020-06-03 19:37:23', '2020-06-03 19:37:23'),
(389, 'BOTANICA GENERAL Y FISIOLOGIA', '2020-06-03 19:37:23', '2020-06-03 19:37:23'),
(390, 'BOTANICA', '2020-06-03 19:37:24', '2020-06-03 19:37:24'),
(391, 'QUÍMICA ORGANICA', '2020-06-03 19:37:24', '2020-06-03 19:37:24'),
(392, 'TEORÍA E HISTORIA DE LA DIDÁCTICA', '2020-06-03 19:37:24', '2020-06-03 19:37:24'),
(393, 'ESTADISTICA FUNDAMENTAL', '2020-06-03 19:37:24', '2020-06-03 19:37:24'),
(394, 'CONSTITUCION POLTICA Y COMPETENCIAS CIUDADANAS', '2020-06-03 19:37:24', '2020-06-03 19:37:24'),
(395, 'BIOLOGIA HUMANA', '2020-06-03 19:37:24', '2020-06-03 19:37:24'),
(396, 'EVALUACION DE PROCESOS', '2020-06-03 19:37:24', '2020-06-03 19:37:24'),
(397, 'LOS ESTUDIOS DEL DISCURSO ', '2020-06-03 19:37:24', '2020-06-03 19:37:24'),
(398, 'LINEAMIENTOS CURRICULARES Y EVALUACION DE LOS PROCESOS EDUCATIVOS', '2020-06-03 19:37:24', '2020-06-03 19:37:24'),
(399, 'LEGISLACION Y ADMINISTRACION EDUCATIVA', '2020-06-03 19:37:24', '2020-06-03 19:37:24'),
(400, 'ELECTIVA - JUEGOS Y DEPORTES - PLAN IV -', '2020-06-03 19:37:24', '2020-06-03 19:37:24'),
(401, 'ADMINISTRACION Y LEGISLACION EDUCATIVA', '2020-06-03 19:37:24', '2020-06-03 19:37:24'),
(402, 'ADMINISTRACION FINANCIERA', '2020-06-03 19:37:24', '2020-06-03 19:37:24'),
(403, 'METODOS NUMERICOS', '2020-06-03 19:37:25', '2020-06-03 19:37:25'),
(404, 'MATEMATICAS DISCRETAS II', '2020-06-03 19:37:25', '2020-06-03 19:37:25'),
(405, 'TEMATICAS DE COMUNICACION ORAL Y ESCRITA', '2020-06-03 19:37:25', '2020-06-03 19:37:25'),
(406, 'COMUNICACION DEL INGLES', '2020-06-03 19:37:25', '2020-06-03 19:37:25');

-- --------------------------------------------------------

--
-- Estructura de tabla para la tabla `cour_program`
--

CREATE TABLE `cour_program` (
  `id` bigint(20) UNSIGNED NOT NULL,
  `program_id` bigint(20) UNSIGNED NOT NULL,
  `cour_id` bigint(20) UNSIGNED NOT NULL,
  `level_id` bigint(20) UNSIGNED NOT NULL,
  `name` varchar(120) COLLATE utf8mb4_unicode_ci NOT NULL,
  `created_at` timestamp NULL DEFAULT NULL,
  `updated_at` timestamp NULL DEFAULT NULL
) ENGINE=InnoDB DEFAULT CHARSET=utf8mb4 COLLATE=utf8mb4_unicode_ci;

--
-- Volcado de datos para la tabla `cour_program`
--

INSERT INTO `cour_program` (`id`, `program_id`, `cour_id`, `level_id`, `name`, `created_at`, `updated_at`) VALUES
(1, 3, 188, 8, 'INGENIERIA DE NEGOCIOS DE INGENIERIA DE SISTEMAS', '2020-06-03 19:37:26', '2020-06-03 19:37:26'),
(2, 3, 1, 8, 'SEGURIDAD DE LA INFORMACION DE INGENIERIA DE SISTEMAS', '2020-06-03 19:37:26', '2020-06-03 19:37:26'),
(3, 3, 4, 8, 'ECONOMIA Y PRINCIPIOS FINANCIEROS DE INGENIERIA DE SISTEMAS', '2020-06-03 19:37:26', '2020-06-03 19:37:26'),
(4, 3, 4, 8, 'MODELOS Y SIMULACION DE INGENIERIA DE SISTEMAS', '2020-06-03 19:37:27', '2020-06-03 19:37:27'),
(5, 3, 4, 8, 'ELECTIVA PROFESIONAL I DE INGENIERIA DE SISTEMAS', '2020-06-03 19:37:27', '2020-06-03 19:37:27'),
(6, 3, 166, 8, 'ELECTIVA PROFESIONAL II - SISTEMAS DE CONTROL DE INFORMACION DE INGENIERIA DE SISTEMAS', '2020-06-03 19:37:27', '2020-06-03 19:37:27'),
(7, 3, 166, 9, 'ELECTIVA PROFESIONAL III - INFORMATICA FORENSE DE INGENIERIA DE SISTEMAS', '2020-06-03 19:37:27', '2020-06-03 19:37:27'),
(8, 3, 205, 9, 'ADMINISTRACION DE TALENTO HUMANO DE INGENIERIA DE SISTEMAS', '2020-06-03 19:37:27', '2020-06-03 19:37:27'),
(9, 3, 127, 7, 'MODELOS DE CONOCIMIENTO DE INGENIERIA DE SISTEMAS', '2020-06-03 19:37:27', '2020-06-03 19:37:27'),
(10, 3, 126, 7, 'AUDITORIA Y LEGISLACION INFORMATICA DE INGENIERIA DE SISTEMAS', '2020-06-03 19:37:27', '2020-06-03 19:37:27'),
(11, 3, 132, 7, 'INVESTIGACION DE OPERACIONES DE INGENIERIA DE SISTEMAS', '2020-06-03 19:37:27', '2020-06-03 19:37:27'),
(12, 3, 125, 7, 'PROGRAMACION DE SISTEMAS INTELIGENTES DE INGENIERIA DE SISTEMAS', '2020-06-03 19:37:27', '2020-06-03 19:37:27'),
(13, 3, 403, 7, 'MATEMATICAS DISCRETAS II DE INGENIERIA DE SISTEMAS', '2020-06-03 19:37:27', '2020-06-03 19:37:27'),
(14, 3, 402, 7, 'METODOS NUMERICOS DE INGENIERIA DE SISTEMAS', '2020-06-03 19:37:27', '2020-06-03 19:37:27'),
(15, 3, 402, 6, 'PROBABILIDAD II DE INGENIERIA DE SISTEMAS', '2020-06-03 19:37:27', '2020-06-03 19:37:27'),
(16, 3, 180, 6, 'ECUACIONES DIFERENCIALES DE INGENIERIA DE SISTEMAS', '2020-06-03 19:37:27', '2020-06-03 19:37:27'),
(17, 3, 151, 6, 'REDES NEURONALES DE INGENIERIA DE SISTEMAS', '2020-06-03 19:37:27', '2020-06-03 19:37:27'),
(18, 3, 405, 6, 'COMUNICACION DEL INGLES DE INGENIERIA DE SISTEMAS', '2020-06-03 19:37:27', '2020-06-03 19:37:27'),
(19, 3, 402, 6, 'ELECTIVA HUMANIDADES - RECREACION Y DEPORTE DE INGENIERIA DE SISTEMAS', '2020-06-03 19:37:27', '2020-06-03 19:37:27'),
(20, 3, 402, 6, 'MINERIA DE DATOS DE INGENIERIA DE SISTEMAS', '2020-06-03 19:37:27', '2020-06-03 19:37:27');

-- --------------------------------------------------------

--
-- Estructura de tabla para la tabla `excuses`
--

CREATE TABLE `excuses` (
  `id` bigint(20) UNSIGNED NOT NULL,
  `created_at` timestamp NULL DEFAULT NULL,
  `updated_at` timestamp NULL DEFAULT NULL,
  `excuse_url` varchar(120) COLLATE utf8mb4_unicode_ci NOT NULL,
  `attendance_id` bigint(20) UNSIGNED NOT NULL
) ENGINE=InnoDB DEFAULT CHARSET=utf8mb4 COLLATE=utf8mb4_unicode_ci;

-- --------------------------------------------------------

--
-- Estructura de tabla para la tabla `failed_jobs`
--

CREATE TABLE `failed_jobs` (
  `id` bigint(20) UNSIGNED NOT NULL,
  `connection` text COLLATE utf8mb4_unicode_ci NOT NULL,
  `queue` text COLLATE utf8mb4_unicode_ci NOT NULL,
  `payload` longtext COLLATE utf8mb4_unicode_ci NOT NULL,
  `exception` longtext COLLATE utf8mb4_unicode_ci NOT NULL,
  `failed_at` timestamp NOT NULL DEFAULT current_timestamp()
) ENGINE=InnoDB DEFAULT CHARSET=utf8mb4 COLLATE=utf8mb4_unicode_ci;

-- --------------------------------------------------------

--
-- Estructura de tabla para la tabla `groups`
--

CREATE TABLE `groups` (
  `id` bigint(20) UNSIGNED NOT NULL,
  `created_at` timestamp NULL DEFAULT NULL,
  `updated_at` timestamp NULL DEFAULT NULL,
  `name` varchar(120) COLLATE utf8mb4_unicode_ci NOT NULL,
  `cour_program_id` bigint(20) UNSIGNED NOT NULL,
  `teacher_id` bigint(20) UNSIGNED NOT NULL,
  `classroom_id` bigint(20) UNSIGNED NOT NULL
) ENGINE=InnoDB DEFAULT CHARSET=utf8mb4 COLLATE=utf8mb4_unicode_ci;

-- --------------------------------------------------------

--
-- Estructura de tabla para la tabla `levels`
--

CREATE TABLE `levels` (
  `id` bigint(20) UNSIGNED NOT NULL,
  `name` varchar(120) COLLATE utf8mb4_unicode_ci NOT NULL,
  `created_at` timestamp NULL DEFAULT NULL,
  `updated_at` timestamp NULL DEFAULT NULL
) ENGINE=InnoDB DEFAULT CHARSET=utf8mb4 COLLATE=utf8mb4_unicode_ci;

--
-- Volcado de datos para la tabla `levels`
--

INSERT INTO `levels` (`id`, `name`, `created_at`, `updated_at`) VALUES
(1, 'I', NULL, NULL),
(2, 'II', NULL, NULL),
(3, 'III', NULL, NULL),
(4, 'IV', NULL, NULL),
(5, 'V', NULL, NULL),
(6, 'VI', NULL, NULL),
(7, 'VII', NULL, NULL),
(8, 'VIII', NULL, NULL),
(9, 'IX', NULL, NULL),
(10, 'X', NULL, NULL);

-- --------------------------------------------------------

--
-- Estructura de tabla para la tabla `migrations`
--

CREATE TABLE `migrations` (
  `id` int(10) UNSIGNED NOT NULL,
  `migration` varchar(120) COLLATE utf8mb4_unicode_ci NOT NULL,
  `batch` int(11) NOT NULL
) ENGINE=InnoDB DEFAULT CHARSET=utf8mb4 COLLATE=utf8mb4_unicode_ci;

--
-- Volcado de datos para la tabla `migrations`
--

INSERT INTO `migrations` (`id`, `migration`, `batch`) VALUES
(1, '2019_08_19_000000_create_failed_jobs_table', 1),
(2, '2019_09_03_023211_create_audits_table', 1),
(3, '2019_11_03_204120_create_attendances_table', 1),
(4, '2019_11_03_204120_create_cat_program_table', 1),
(5, '2019_11_03_204120_create_cats_table', 1),
(6, '2019_11_03_204120_create_class_table', 1),
(7, '2019_11_03_204120_create_classroom_table', 1),
(8, '2019_11_03_204120_create_cour_program_table', 1),
(9, '2019_11_03_204120_create_cours_table', 1),
(10, '2019_11_03_204120_create_excuses_table', 1),
(11, '2019_11_03_204120_create_groups_table', 1),
(12, '2019_11_03_204120_create_levels_table', 1),
(13, '2019_11_03_204120_create_programs_table', 1),
(14, '2019_11_03_204120_create_teachers_table', 1),
(15, '2019_11_03_204120_create_users_table', 1),
(16, '2019_11_04_014012_create_calendar_weeks_table', 1),
(17, '2019_11_04_014012_create_schedules_table', 1),
(18, '2019_11_04_023336_create_reports_table', 1),
(19, '2019_11_04_023402_create_cat_weekdays_table', 1),
(20, '2019_11_04_023403_create_foreign_keys', 1),
(21, '2019_11_12_100000_create_password_resets_table', 1),
(22, '2019_11_20_084450_create_roles_table', 1),
(23, '2019_11_24_080208_create_permissions_table', 1),
(24, '2019_11_24_080433_create_permission_role_table', 1),
(25, '2019_11_24_084525_create_role_user_table', 1),
(26, '2019_11_24_170735_create_permission_user_table', 1),
(27, '2019_12_04_003040_add_special_role_column', 1),
(28, '2020_01_15_191006_create_foreign_cats', 1);

-- --------------------------------------------------------

--
-- Estructura de tabla para la tabla `password_resets`
--

CREATE TABLE `password_resets` (
  `email` varchar(120) COLLATE utf8mb4_unicode_ci NOT NULL,
  `token` varchar(120) COLLATE utf8mb4_unicode_ci NOT NULL,
  `created_at` timestamp NULL DEFAULT NULL
) ENGINE=InnoDB DEFAULT CHARSET=utf8mb4 COLLATE=utf8mb4_unicode_ci;

-- --------------------------------------------------------

--
-- Estructura de tabla para la tabla `permissions`
--

CREATE TABLE `permissions` (
  `id` int(10) UNSIGNED NOT NULL,
  `name` varchar(120) COLLATE utf8mb4_unicode_ci NOT NULL,
  `slug` varchar(120) COLLATE utf8mb4_unicode_ci NOT NULL,
  `description` text COLLATE utf8mb4_unicode_ci DEFAULT NULL,
  `created_at` timestamp NULL DEFAULT NULL,
  `updated_at` timestamp NULL DEFAULT NULL
) ENGINE=InnoDB DEFAULT CHARSET=utf8mb4 COLLATE=utf8mb4_unicode_ci;

--
-- Volcado de datos para la tabla `permissions`
--

INSERT INTO `permissions` (`id`, `name`, `slug`, `description`, `created_at`, `updated_at`) VALUES
(1, 'Navegar usuarios', 'users.index', 'Lista y navega todos los usuarios del sistema', '2020-06-03 19:36:59', '2020-06-03 19:36:59'),
(2, 'Ver detalle de usuario', 'users.show', 'Ve en detalle cada usuario del sistema', '2020-06-03 19:37:00', '2020-06-03 19:37:00'),
(3, 'Edición de usuarios', 'users.edit', 'Podría editar cualquier dato de un usuario del sistema', '2020-06-03 19:37:00', '2020-06-03 19:37:00'),
(4, 'Eliminar usuario', 'users.destroy', 'Podría eliminar cualquier usuario del sistema', '2020-06-03 19:37:00', '2020-06-03 19:37:00'),
(5, 'Navegar roles', 'roles.index', 'Lista y navega todos los roles del sistema', '2020-06-03 19:37:00', '2020-06-03 19:37:00'),
(6, 'Ver detalle de un rol', 'roles.show', 'Ve en detalle cada rol del sistema', '2020-06-03 19:37:00', '2020-06-03 19:37:00'),
(7, 'Creación de roles', 'roles.create', 'Podría crear nuevos roles en el sistema', '2020-06-03 19:37:00', '2020-06-03 19:37:00'),
(8, 'Edición de roles', 'roles.edit', 'Podría editar cualquier dato de un rol del sistema', '2020-06-03 19:37:00', '2020-06-03 19:37:00'),
(9, 'Eliminar roles', 'roles.destroy', 'Podría eliminar cualquier rol del sistema', '2020-06-03 19:37:00', '2020-06-03 19:37:00'),
(10, 'Navegar log', 'logs.index', 'Lista y navega el log del sistema', '2020-06-03 19:37:00', '2020-06-03 19:37:00'),
(11, 'Navegar CAT', 'cat.index', 'Lista y navega todos los CAT', '2020-06-03 19:37:00', '2020-06-03 19:37:00'),
(12, 'Creación de CAT', 'cat.create', 'Crear nuevos CAT en el sistema', '2020-06-03 19:37:00', '2020-06-03 19:37:00'),
(13, 'Edición de CAT', 'cat.edit', 'Editar cualquier dato de un CAT', '2020-06-03 19:37:00', '2020-06-03 19:37:00'),
(14, 'Navegar salones', 'classrooms.index', 'Lista y navega todos los salones', '2020-06-03 19:37:00', '2020-06-03 19:37:00'),
(15, 'Creación de salones', 'classrooms.create', 'Crear nuevos salones en el sistema', '2020-06-03 19:37:00', '2020-06-03 19:37:00'),
(16, 'Edición de salones', 'classrooms.edit', 'Editar cualquier dato de un salones', '2020-06-03 19:37:00', '2020-06-03 19:37:00'),
(17, 'Ver detalle de cada asistencia', 'attendances.show', 'Ver en detalle de cada asistencia del sistema', '2020-06-03 19:37:00', '2020-06-03 19:37:00'),
(18, 'Navegar asistencia', 'attendances.index', 'Lista y navega todos los excusas', '2020-06-03 19:37:00', '2020-06-03 19:37:00'),
(19, 'Creación de asistencia', 'attendances.create', 'Crear nuevos asistencia en el sistema', '2020-06-03 19:37:01', '2020-06-03 19:37:01'),
(20, 'Editar asistencia', 'attendances.edit', 'Editar cada detalle del modulo de asistencia del sistema', '2020-06-03 19:37:01', '2020-06-03 19:37:01'),
(21, 'Ver excusas', 'excuses.show', 'Ver cada detalle de cada excusas del sistema', '2020-06-03 19:37:01', '2020-06-03 19:37:01'),
(22, 'Navegar excusas', 'excuses.index', 'Lista y navega todos los excusas', '2020-06-03 19:37:01', '2020-06-03 19:37:01'),
(23, 'Subir excusas', 'excuses.create', 'Subir una excusa', '2020-06-03 19:37:01', '2020-06-03 19:37:01'),
(24, 'Navegar docente', 'teachers.index', 'Lista y navega todos los docente', '2020-06-03 19:37:01', '2020-06-03 19:37:01'),
(25, 'Creación de docentes', 'teachers.create', 'Crear nuevos docentes en el sistema', '2020-06-03 19:37:01', '2020-06-03 19:37:01'),
(26, 'Editar docentes', 'teachers.edit', 'Editar datos de un docente del sistema', '2020-06-03 19:37:01', '2020-06-03 19:37:01'),
(27, 'Navegar programas', 'programs.index', 'Lista y navega todos los programas ', '2020-06-03 19:37:01', '2020-06-03 19:37:01'),
(28, 'Creación de programas ', 'programs.create', 'Crear nuevos programas en el sistema', '2020-06-03 19:37:01', '2020-06-03 19:37:01'),
(29, 'Editar programas', 'programs.edit', 'Editar datos de un programas del sistema', '2020-06-03 19:37:01', '2020-06-03 19:37:01'),
(30, 'Navegar curso', 'cours.index', 'Lista y navega todos los curso ', '2020-06-03 19:37:01', '2020-06-03 19:37:01'),
(31, 'Creación de curso', 'cours.create', 'Crear nuevos curso en el sistema', '2020-06-03 19:37:01', '2020-06-03 19:37:01'),
(32, 'Editar curso', 'cours.edit', 'Editar datos de un curso del sistema', '2020-06-03 19:37:01', '2020-06-03 19:37:01'),
(33, 'Navegar reportes', 'reports.index', 'Lista y navega todos los usuarios', '2020-06-03 19:37:01', '2020-06-03 19:37:01'),
(34, 'Ver detalle de reporte ', 'reports.show', 'Ver en detalle de cada reporte del sistema', '2020-06-03 19:37:01', '2020-06-03 19:37:01'),
(35, 'Creación de reportes', 'reports.create', 'Crear nuevos reportes', '2020-06-03 19:37:01', '2020-06-03 19:37:01'),
(36, 'Edición de reportes', 'reports.edit', 'Editar los datos de cualquier reporte', '2020-06-03 19:37:01', '2020-06-03 19:37:01');

-- --------------------------------------------------------

--
-- Estructura de tabla para la tabla `permission_role`
--

CREATE TABLE `permission_role` (
  `id` int(10) UNSIGNED NOT NULL,
  `permission_id` int(10) UNSIGNED NOT NULL,
  `role_id` int(10) UNSIGNED NOT NULL,
  `created_at` timestamp NULL DEFAULT NULL,
  `updated_at` timestamp NULL DEFAULT NULL
) ENGINE=InnoDB DEFAULT CHARSET=utf8mb4 COLLATE=utf8mb4_unicode_ci;

--
-- Volcado de datos para la tabla `permission_role`
--

INSERT INTO `permission_role` (`id`, `permission_id`, `role_id`, `created_at`, `updated_at`) VALUES
(1, 17, 2, NULL, NULL),
(2, 18, 2, NULL, NULL),
(3, 19, 2, NULL, NULL),
(4, 20, 2, NULL, NULL);

-- --------------------------------------------------------

--
-- Estructura de tabla para la tabla `permission_user`
--

CREATE TABLE `permission_user` (
  `id` int(10) UNSIGNED NOT NULL,
  `permission_id` int(10) UNSIGNED NOT NULL,
  `user_id` bigint(20) UNSIGNED NOT NULL,
  `created_at` timestamp NULL DEFAULT NULL,
  `updated_at` timestamp NULL DEFAULT NULL
) ENGINE=InnoDB DEFAULT CHARSET=utf8mb4 COLLATE=utf8mb4_unicode_ci;

-- --------------------------------------------------------

--
-- Estructura de tabla para la tabla `programs`
--

CREATE TABLE `programs` (
  `id` bigint(20) UNSIGNED NOT NULL,
  `name` varchar(120) COLLATE utf8mb4_unicode_ci NOT NULL,
  `created_at` timestamp NULL DEFAULT NULL,
  `updated_at` timestamp NULL DEFAULT NULL
) ENGINE=InnoDB DEFAULT CHARSET=utf8mb4 COLLATE=utf8mb4_unicode_ci;

--
-- Volcado de datos para la tabla `programs`
--

INSERT INTO `programs` (`id`, `name`, `created_at`, `updated_at`) VALUES
(1, 'ADMINISTRACION FINANCIERA', '2020-06-03 19:37:25', '2020-06-03 19:37:25'),
(2, 'ADMINISTRACION TURISTICA Y HOTELERA', '2020-06-03 19:37:25', '2020-06-03 19:37:25'),
(3, 'INGENIERIA DE SISTEMAS', '2020-06-03 19:37:25', '2020-06-03 19:37:25'),
(4, 'INGENIERÍA EN AGROECOLOGÍA', '2020-06-03 19:37:25', '2020-06-03 19:37:25'),
(5, 'LIC. EDUCACION INFANTIL', '2020-06-03 19:37:25', '2020-06-03 19:37:25'),
(6, 'LIC. EN CIENCIAS NATURALES Y EDUC. AMBTAL', '2020-06-03 19:37:25', '2020-06-03 19:37:25'),
(7, 'LIC. EN EDUCACION ARTISTICA', '2020-06-03 19:37:25', '2020-06-03 19:37:25'),
(8, 'LIC. EN LITERATURA Y LENGUA CASTELLANA', '2020-06-03 19:37:25', '2020-06-03 19:37:25'),
(9, 'LIC. EN PEDAGOGIA INFANTIL', '2020-06-03 19:37:25', '2020-06-03 19:37:25'),
(10, 'SALUD OCUPACIONAL', '2020-06-03 19:37:25', '2020-06-03 19:37:25'),
(11, 'SEGURIDAD Y SALUD EN EL TRABAJO', '2020-06-03 19:37:25', '2020-06-03 19:37:25'),
(12, 'TECN. EN GESTION DE BASES DE DATOS', '2020-06-03 19:37:25', '2020-06-03 19:37:25'),
(13, 'TECN. EN PROTEC Y RECUP. DE ECOSISTEMAS FORESTALES', '2020-06-03 19:37:26', '2020-06-03 19:37:26'),
(14, 'TECN. EN REGENCIA DE FARMACIA', '2020-06-03 19:37:26', '2020-06-03 19:37:26'),
(15, 'LIC. EN EDUCACION BASICA CON ENFASIS EN LENGUA CASTELLANA', '2020-06-03 19:37:26', '2020-06-03 19:37:26');

-- --------------------------------------------------------

--
-- Estructura de tabla para la tabla `reports`
--

CREATE TABLE `reports` (
  `id` bigint(20) UNSIGNED NOT NULL,
  `observations` varchar(120) COLLATE utf8mb4_unicode_ci NOT NULL,
  `Indication` varchar(120) COLLATE utf8mb4_unicode_ci NOT NULL,
  `created_at` timestamp NULL DEFAULT NULL,
  `updated_at` timestamp NULL DEFAULT NULL
) ENGINE=InnoDB DEFAULT CHARSET=utf8mb4 COLLATE=utf8mb4_unicode_ci;

-- --------------------------------------------------------

--
-- Estructura de tabla para la tabla `roles`
--

CREATE TABLE `roles` (
  `id` int(10) UNSIGNED NOT NULL,
  `name` varchar(120) COLLATE utf8mb4_unicode_ci NOT NULL,
  `slug` varchar(120) COLLATE utf8mb4_unicode_ci NOT NULL,
  `description` text COLLATE utf8mb4_unicode_ci DEFAULT NULL,
  `created_at` timestamp NULL DEFAULT NULL,
  `updated_at` timestamp NULL DEFAULT NULL,
  `special` enum('all-access','no-access') COLLATE utf8mb4_unicode_ci DEFAULT NULL
) ENGINE=InnoDB DEFAULT CHARSET=utf8mb4 COLLATE=utf8mb4_unicode_ci;

--
-- Volcado de datos para la tabla `roles`
--

INSERT INTO `roles` (`id`, `name`, `slug`, `description`, `created_at`, `updated_at`, `special`) VALUES
(1, 'Administrador', 'Admin', 'Usuario con acceso total', '2020-06-03 19:37:02', '2020-06-03 19:37:02', 'all-access'),
(2, 'Monitor', 'Moni', 'Usuario con acceso al control de asistencia', '2020-06-03 19:37:03', '2020-06-03 19:37:03', NULL);

-- --------------------------------------------------------

--
-- Estructura de tabla para la tabla `role_user`
--

CREATE TABLE `role_user` (
  `id` int(10) UNSIGNED NOT NULL,
  `role_id` int(10) UNSIGNED NOT NULL,
  `user_id` bigint(20) UNSIGNED NOT NULL,
  `created_at` timestamp NULL DEFAULT NULL,
  `updated_at` timestamp NULL DEFAULT NULL
) ENGINE=InnoDB DEFAULT CHARSET=utf8mb4 COLLATE=utf8mb4_unicode_ci;

--
-- Volcado de datos para la tabla `role_user`
--

INSERT INTO `role_user` (`id`, `role_id`, `user_id`, `created_at`, `updated_at`) VALUES
(1, 1, 1, NULL, NULL),
(2, 2, 2, NULL, NULL);

-- --------------------------------------------------------

--
-- Estructura de tabla para la tabla `schedules`
--

CREATE TABLE `schedules` (
  `id` int(10) UNSIGNED NOT NULL,
  `created_at` timestamp NULL DEFAULT NULL,
  `updated_at` timestamp NULL DEFAULT NULL,
  `day_week` int(10) UNSIGNED NOT NULL,
  `init_time` time NOT NULL,
  `end_time` time NOT NULL,
  `week` tinyint(3) UNSIGNED NOT NULL,
  `group_id` bigint(20) UNSIGNED NOT NULL
) ENGINE=InnoDB DEFAULT CHARSET=utf8mb4 COLLATE=utf8mb4_unicode_ci;

-- --------------------------------------------------------

--
-- Estructura de tabla para la tabla `teachers`
--

CREATE TABLE `teachers` (
  `id` bigint(20) UNSIGNED NOT NULL,
  `name` varchar(120) COLLATE utf8mb4_unicode_ci NOT NULL,
  `created_at` timestamp NULL DEFAULT NULL,
  `updated_at` timestamp NULL DEFAULT NULL
) ENGINE=InnoDB DEFAULT CHARSET=utf8mb4 COLLATE=utf8mb4_unicode_ci;

--
-- Volcado de datos para la tabla `teachers`
--

INSERT INTO `teachers` (`id`, `name`, `created_at`, `updated_at`) VALUES
(1, 'FABRERAS RODADO CARLOS JESUS', '2020-06-03 19:37:28', '2020-06-03 19:37:28'),
(2, 'RODRIGUEZ ROJAS ADRIANA MARIA', '2020-06-03 19:37:28', '2020-06-03 19:37:28'),
(3, 'RODRIGUEZ RIAÑO GERMAN', '2020-06-03 19:37:28', '2020-06-03 19:37:28'),
(4, 'GALINDEZ GARCIA ORLANDO', '2020-06-03 19:37:29', '2020-06-03 19:37:29'),
(5, 'GARCIA ZAMBRANO LILIANA ZAMBRANO', '2020-06-03 19:37:29', '2020-06-03 19:37:29'),
(6, 'CRISTANCHO MENDOZA FRANCY VIVIANA', '2020-06-03 19:37:29', '2020-06-03 19:37:29'),
(7, 'MAYORGA BECERRA ZORAIDA', '2020-06-03 19:37:29', '2020-06-03 19:37:29'),
(8, 'MAYA SANCHEZ RAUL', '2020-06-03 19:37:29', '2020-06-03 19:37:29'),
(9, 'HOYOS ARANGO ENRIQUE ', '2020-06-03 19:37:29', '2020-06-03 19:37:29'),
(10, 'REDONDO PALMA JANIO LUIS', '2020-06-03 19:37:29', '2020-06-03 19:37:29'),
(11, 'PAEZ ANGARITA ANGELICA', '2020-06-03 19:37:29', '2020-06-03 19:37:29'),
(12, 'CASTILLO MORENO FABIOLA CENITH', '2020-06-03 19:37:29', '2020-06-03 19:37:29'),
(13, 'RENGIFO SUAREZ CLAUDIA', '2020-06-03 19:37:29', '2020-06-03 19:37:29'),
(14, 'AREVALO GOMEZ MARIA DEL PILAR', '2020-06-03 19:37:29', '2020-06-03 19:37:29'),
(15, 'SUAREZ MOREA CHRISTIAN FELIPE', '2020-06-03 19:37:29', '2020-06-03 19:37:29'),
(16, 'CURREA DE LA CRUZ LENIN', '2020-06-03 19:37:29', '2020-06-03 19:37:29'),
(17, 'SALCEDO SILVERA ROSA MARIA', '2020-06-03 19:37:29', '2020-06-03 19:37:29'),
(18, 'BREIVA MACIAS CINDY LORENA', '2020-06-03 19:37:29', '2020-06-03 19:37:29'),
(19, 'LOPEZ SAMPER ANTONIO MARIO', '2020-06-03 19:37:29', '2020-06-03 19:37:29'),
(20, 'MANGONES ORTEGA JHON RAFAEL ', '2020-06-03 19:37:29', '2020-06-03 19:37:29'),
(21, 'DIAZ AVENDAÑO JHON HADMINTON', '2020-06-03 19:37:29', '2020-06-03 19:37:29'),
(22, 'BARANDICA SABALZA EUNICE ESTHER', '2020-06-03 19:37:29', '2020-06-03 19:37:29'),
(23, 'BARAHONA RAMIREZ JOSE EFRAIN', '2020-06-03 19:37:29', '2020-06-03 19:37:29'),
(24, 'GARCIA GARCIA GLORIA BELINDA', '2020-06-03 19:37:29', '2020-06-03 19:37:29'),
(25, 'GARCIA DEVIA BOLEMA SMIDIA', '2020-06-03 19:37:29', '2020-06-03 19:37:29'),
(26, 'LOSADA COLLAZOS REYNALDO', '2020-06-03 19:37:29', '2020-06-03 19:37:29'),
(27, 'BARRERO SAENS MARIA CRISTINA', '2020-06-03 19:37:29', '2020-06-03 19:37:29'),
(28, 'QUIROZ CARO EDISSON', '2020-06-03 19:37:29', '2020-06-03 19:37:29'),
(29, 'POLONIA REYES CLAUDIA LORENA', '2020-06-03 19:37:29', '2020-06-03 19:37:29'),
(30, 'PORTELA LOZANO LIBARDO', '2020-06-03 19:37:29', '2020-06-03 19:37:29'),
(31, 'CORREDOR TORRES JOSE EDUARDO', '2020-06-03 19:37:30', '2020-06-03 19:37:30'),
(32, 'CORREA QUINCENO JUAN CARLOS', '2020-06-03 19:37:30', '2020-06-03 19:37:30'),
(33, 'CASTELLANOS ARCINIEGAS EDGAR', '2020-06-03 19:37:30', '2020-06-03 19:37:30'),
(34, 'CARO PINEDA LUIS GUILLERMO', '2020-06-03 19:37:30', '2020-06-03 19:37:30'),
(35, 'DE ARCO BALLESTEROS JOSE LUIS', '2020-06-03 19:37:30', '2020-06-03 19:37:30'),
(36, 'BALLEN CASTIBLANCO BEIMAN ANDREY', '2020-06-03 19:37:30', '2020-06-03 19:37:30'),
(37, 'GUERRERO MENDOZA EDGARDO', '2020-06-03 19:37:30', '2020-06-03 19:37:30'),
(38, 'BLANCO POLANIA IVAN ANDRES', '2020-06-03 19:37:30', '2020-06-03 19:37:30'),
(39, 'GAMBOA RUIZ CARLOS ANDRES', '2020-06-03 19:37:30', '2020-06-03 19:37:30'),
(40, 'GUEVARA NAYZIR JANN', '2020-06-03 19:37:30', '2020-06-03 19:37:30'),
(41, 'ALFORD MUÑOZ OSCAR JAVIER', '2020-06-03 19:37:30', '2020-06-03 19:37:30'),
(42, 'ROCHA ROCHA PATRICIA MARIA', '2020-06-03 19:37:30', '2020-06-03 19:37:30'),
(43, 'ROCHA SALEME HECTOR', '2020-06-03 19:37:30', '2020-06-03 19:37:30'),
(44, 'AVILA DE LA HOZ RICARDO ENRIQUE', '2020-06-03 19:37:30', '2020-06-03 19:37:30'),
(45, 'SOTO CARDONA JUAN CARLOS', '2020-06-03 19:37:30', '2020-06-03 19:37:30'),
(46, 'CARDONA SOTO SANDRA LUCY', '2020-06-03 19:37:30', '2020-06-03 19:37:30'),
(47, 'SANCHEZ ALVAREZ LUZ STELLA', '2020-06-03 19:37:30', '2020-06-03 19:37:30'),
(48, 'ROJAS PARRA JORGE EDY', '2020-06-03 19:37:30', '2020-06-03 19:37:30'),
(49, 'ROJAS TORRES HERMES', '2020-06-03 19:37:30', '2020-06-03 19:37:30'),
(50, 'AVILA DE LA HOZ RICARDO ENRIQUE', '2020-06-03 19:37:30', '2020-06-03 19:37:30'),
(51, 'VALDIVIESO MAÑOSCA OMAR ALFONSO ', '2020-06-03 19:37:30', '2020-06-03 19:37:30'),
(52, 'VALENCIA PEREZ MARIA DEL PILAR ', '2020-06-03 19:37:30', '2020-06-03 19:37:30'),
(53, 'PEREZ GUZMAN MILENA ROCIO', '2020-06-03 19:37:30', '2020-06-03 19:37:30'),
(54, 'RAMIREZ GOMEZ LINDA EVELIN ', '2020-06-03 19:37:30', '2020-06-03 19:37:30'),
(55, 'ORJUELA VARGAS SERGIO ALEJANDRO ', '2020-06-03 19:37:30', '2020-06-03 19:37:30'),
(56, 'VARGAS GUARNIZO MARIA TEREZA', '2020-06-03 19:37:30', '2020-06-03 19:37:30'),
(57, 'APONTE LOPEZ SAUL OSBALDO', '2020-06-03 19:37:31', '2020-06-03 19:37:31'),
(58, 'GOMEZ CAMACHO JORGE ELIECER', '2020-06-03 19:37:31', '2020-06-03 19:37:31'),
(59, 'NARANJO ACOSTA WILLIAN GUILLERMO', '2020-06-03 19:37:31', '2020-06-03 19:37:31'),
(60, 'ACOSTA ALVAREZ ORLANDO', '2020-06-03 19:37:31', '2020-06-03 19:37:31'),
(61, 'DEAZA CASTILLO ANDREA JOHANNE', '2020-06-03 19:37:31', '2020-06-03 19:37:31'),
(62, 'APARICIO GONZALEZ ILIANA MARITZA', '2020-06-03 19:37:31', '2020-06-03 19:37:31'),
(63, 'OSORIO MOSQUERA SAYDEDD', '2020-06-03 19:37:31', '2020-06-03 19:37:31'),
(64, 'COMAS SALAZAR CARLOS ALBERTO', '2020-06-03 19:37:31', '2020-06-03 19:37:31'),
(65, 'HUERTAS ARAMENDIZ HERMEL ALFONSO', '2020-06-03 19:37:31', '2020-06-03 19:37:31'),
(66, 'CAICEDO RODRIGUEZ GILBERTO', '2020-06-03 19:37:31', '2020-06-03 19:37:31'),
(67, 'OSORIO SALAMANCA GINA PAOLA', '2020-06-03 19:37:31', '2020-06-03 19:37:31'),
(68, 'LOPEZ CABRERA OLGA LUCIA', '2020-06-03 19:37:31', '2020-06-03 19:37:31'),
(69, 'LUIZ CHAVEZ JULIO CESAR', '2020-06-03 19:37:31', '2020-06-03 19:37:31'),
(70, 'LUANGAS PATIÑO LUZ DARY', '2020-06-03 19:37:31', '2020-06-03 19:37:31'),
(71, 'HERNANDEZ RODRIGUEZ MARIA TERESA', '2020-06-03 19:37:31', '2020-06-03 19:37:31'),
(72, 'TOVAR TOSSE HENRY FABIAN', '2020-06-03 19:37:31', '2020-06-03 19:37:31'),
(73, 'PUENTES MUÑOZ MARCELA', '2020-06-03 19:37:31', '2020-06-03 19:37:31'),
(74, 'PUENTES MUÑOZ LYA MARCELA', '2020-06-03 19:37:31', '2020-06-03 19:37:31'),
(75, 'ANGARITA MOLINA GUZMAN OLMEDO', '2020-06-03 19:37:31', '2020-06-03 19:37:31'),
(76, 'DELGADO CAÑETE ANGELICA', '2020-06-03 19:37:31', '2020-06-03 19:37:31'),
(77, 'LEAL TERRANOVA OSCAR EDUARDO', '2020-06-03 19:37:31', '2020-06-03 19:37:31'),
(78, 'GALLEGO GUARIN OLMER', '2020-06-03 19:37:31', '2020-06-03 19:37:31'),
(79, 'VASQUEZ ORTEGA CRISTIAN ALBERTO', '2020-06-03 19:37:31', '2020-06-03 19:37:31'),
(80, 'HENAO VELASCO LUIS ALBERTO', '2020-06-03 19:37:31', '2020-06-03 19:37:31'),
(81, 'PAZ HURTADO ELVIZ', '2020-06-03 19:37:31', '2020-06-03 19:37:31'),
(82, 'HURTADO OSPINA DANIEL', '2020-06-03 19:37:31', '2020-06-03 19:37:31'),
(83, 'SERRANO MARIA EUGENIA', '2020-06-03 19:37:31', '2020-06-03 19:37:31'),
(84, 'CASTRO CLAVIJO JOSE NELSON', '2020-06-03 19:37:31', '2020-06-03 19:37:31'),
(85, 'CASTAÑEDA OVANDO ALEXANDRA', '2020-06-03 19:37:32', '2020-06-03 19:37:32'),
(86, 'MOSQUERA MOSQUERA JOSE DIOCLESIANO', '2020-06-03 19:37:32', '2020-06-03 19:37:32'),
(87, 'GUERRERO VILLAFAÑE JOSE FERNANDO', '2020-06-03 19:37:32', '2020-06-03 19:37:32'),
(88, 'TREJOS LOPEZ MARIA FERNANDA', '2020-06-03 19:37:32', '2020-06-03 19:37:32'),
(89, 'MARIÑO MONTAÑA JUAN SEBASTIAN', '2020-06-03 19:37:32', '2020-06-03 19:37:32'),
(90, 'LOIZA QUINTERO JULIO CESAR', '2020-06-03 19:37:32', '2020-06-03 19:37:32'),
(91, 'PRADA PRADA RUBEN DARIO ', '2020-06-03 19:37:32', '2020-06-03 19:37:32'),
(92, 'ARBOLEDA MARTINE MONICA HELEN', '2020-06-03 19:37:32', '2020-06-03 19:37:32'),
(93, 'MONTERO MARTINEZ JESUS ANTONIO', '2020-06-03 19:37:32', '2020-06-03 19:37:32'),
(94, 'SEVILLA CHINCANGANA JIMMY ALBERTO', '2020-06-03 19:37:32', '2020-06-03 19:37:32'),
(95, 'GUZMAN CONTRERAS ANDRES MAURICIO', '2020-06-03 19:37:32', '2020-06-03 19:37:32'),
(96, 'ESCOBAR ALDANA GUILLERMO', '2020-06-03 19:37:32', '2020-06-03 19:37:32'),
(97, 'MICOLTA PADILLA CARMEN NILSA', '2020-06-03 19:37:32', '2020-06-03 19:37:32'),
(98, 'COLO CALDERON BELLANIRA', '2020-06-03 19:37:32', '2020-06-03 19:37:32'),
(99, 'BELALCAZAR GONGORA NOHEMY', '2020-06-03 19:37:32', '2020-06-03 19:37:32'),
(100, 'LUIZ CHAVEZ JULIO CESAR', '2020-06-03 19:37:32', '2020-06-03 19:37:32'),
(101, 'MEDINA CONZALES ANGEE ALEJANDRA', '2020-06-03 19:37:32', '2020-06-03 19:37:32'),
(102, 'QUIÑONES MENDEZ ORLANDO', '2020-06-03 19:37:32', '2020-06-03 19:37:32'),
(103, 'CONTRERAS DURAN DAYANIS VANESA', '2020-06-03 19:37:32', '2020-06-03 19:37:32'),
(104, 'HERNANDEZ PARRA CRISTOPHER ALBERTO', '2020-06-03 19:37:32', '2020-06-03 19:37:32'),
(105, 'RODRIGUEZ NEIZA LUIS CARLOS', '2020-06-03 19:37:32', '2020-06-03 19:37:32'),
(106, 'ROA ROMEO PAULA ANDREA', '2020-06-03 19:37:32', '2020-06-03 19:37:32'),
(107, 'RAMIREZ CORTES DANIELA AUGUSTO', '2020-06-03 19:37:32', '2020-06-03 19:37:32'),
(108, 'LOPEZ DELGADO EDWIN ORLANDO', '2020-06-03 19:37:32', '2020-06-03 19:37:32'),
(109, 'GUTIERREZ JIMENEZ OVIMER', '2020-06-03 19:37:32', '2020-06-03 19:37:32'),
(110, 'ROJAS PARRA JORGE EDY', '2020-06-03 19:37:32', '2020-06-03 19:37:32'),
(111, 'ZABALA GONZALES DANIEL', '2020-06-03 19:37:32', '2020-06-03 19:37:32'),
(112, 'ZABALA SOTO JAIRO ANDRES', '2020-06-03 19:37:32', '2020-06-03 19:37:32'),
(113, 'DUQUE GARCIA LUZ ADRIANA', '2020-06-03 19:37:33', '2020-06-03 19:37:33'),
(114, 'MUNAR CASTELLANOS JENNIFES STEPHANE', '2020-06-03 19:37:33', '2020-06-03 19:37:33'),
(115, 'PALOMINO TRUJILLO RUTH MARGARITA', '2020-06-03 19:37:33', '2020-06-03 19:37:33'),
(116, 'LOZANO BARRIOS WILLIAN', '2020-06-03 19:37:33', '2020-06-03 19:37:33'),
(117, 'FIGUEROA MARTINEZ WILLIAN ENRIQUE', '2020-06-03 19:37:33', '2020-06-03 19:37:33'),
(118, 'ORJUELA GARZON MARIO FERNANDO', '2020-06-03 19:37:33', '2020-06-03 19:37:33'),
(119, 'PINZON PIÑEROS MARTHA ELIZABETH', '2020-06-03 19:37:33', '2020-06-03 19:37:33'),
(120, 'DIAZ PRADA MIGUEL ANGEL', '2020-06-03 19:37:33', '2020-06-03 19:37:33'),
(121, 'RONQUILLO VALENCIA DAHIDU', '2020-06-03 19:37:33', '2020-06-03 19:37:33'),
(122, 'ALVIS CAMELO CARLOS ANDRES', '2020-06-03 19:37:33', '2020-06-03 19:37:33'),
(123, 'ZAPATA LOPERA CAROLINA', '2020-06-03 19:37:33', '2020-06-03 19:37:33'),
(124, 'CORTES ROMERO IBETH DANELI', '2020-06-03 19:37:33', '2020-06-03 19:37:33'),
(125, 'APARICIO GONZALEZ LIRA TATIANA', '2020-06-03 19:37:33', '2020-06-03 19:37:33'),
(126, 'CRUZ SUAREZ DIANA MARCELA', '2020-06-03 19:37:33', '2020-06-03 19:37:33'),
(127, 'CARDENAS ARIAS ANGELA DEL PILAR', '2020-06-03 19:37:33', '2020-06-03 19:37:33'),
(128, 'HERNANDEZ CASTILLO CAMILA ANDREA', '2020-06-03 19:37:33', '2020-06-03 19:37:33'),
(129, 'GIRALDO PEREZ SOFIA ', '2020-06-03 19:37:33', '2020-06-03 19:37:33'),
(130, 'CARDENAS FARFAN AMADEO', '2020-06-03 19:37:33', '2020-06-03 19:37:33'),
(131, 'CORTES RODRIGUEZ INGRID ANDREA', '2020-06-03 19:37:33', '2020-06-03 19:37:33'),
(132, 'MORENO CAICEDO JULIAN JAVIER', '2020-06-03 19:37:33', '2020-06-03 19:37:33'),
(133, 'ARIZA ROJAS ROSALBA', '2020-06-03 19:37:33', '2020-06-03 19:37:33'),
(134, 'CABALLERO GOMEZ ANDRES IVAN', '2020-06-03 19:37:33', '2020-06-03 19:37:33'),
(135, 'GUEVARA NIÑO LEONEL', '2020-06-03 19:37:33', '2020-06-03 19:37:33'),
(136, 'GIRALDO PEEZ SOFIA', '2020-06-03 19:37:33', '2020-06-03 19:37:33'),
(137, 'BARAJAS PARAJA DORIS', '2020-06-03 19:37:33', '2020-06-03 19:37:33'),
(138, 'RINCON ROJAS INGRID ASTRID', '2020-06-03 19:37:33', '2020-06-03 19:37:33'),
(139, 'CASTILLO CARRANZA MARTHA LILIA', '2020-06-03 19:37:33', '2020-06-03 19:37:33'),
(140, 'GALINDO PIRAQUIVE JUAN CARLOS', '2020-06-03 19:37:33', '2020-06-03 19:37:33'),
(141, 'HERNANDEZ VELASQUEZ ELAIDA', '2020-06-03 19:37:33', '2020-06-03 19:37:33'),
(142, 'CELIS DURAN NOHORA ESPERANZA ', '2020-06-03 19:37:34', '2020-06-03 19:37:34'),
(143, 'BERMUDEZ GONZALEZ CARLOS EDUARDO', '2020-06-03 19:37:34', '2020-06-03 19:37:34'),
(144, 'BERMUDEZ VARON NUBIA', '2020-06-03 19:37:34', '2020-06-03 19:37:34'),
(145, 'BERMUDEZ GONZALEZ CARLOS EDUARDO', '2020-06-03 19:37:34', '2020-06-03 19:37:34');

-- --------------------------------------------------------

--
-- Estructura de tabla para la tabla `users`
--

CREATE TABLE `users` (
  `id` bigint(20) UNSIGNED NOT NULL,
  `name` varchar(120) COLLATE utf8mb4_unicode_ci NOT NULL,
  `email` varchar(120) COLLATE utf8mb4_unicode_ci NOT NULL,
  `email_verified_at` timestamp NULL DEFAULT NULL,
  `password` varchar(120) COLLATE utf8mb4_unicode_ci NOT NULL,
  `remember_token` varchar(100) COLLATE utf8mb4_unicode_ci DEFAULT NULL,
  `created_at` timestamp NULL DEFAULT NULL,
  `updated_at` timestamp NULL DEFAULT NULL
) ENGINE=InnoDB DEFAULT CHARSET=utf8mb4 COLLATE=utf8mb4_unicode_ci;

--
-- Volcado de datos para la tabla `users`
--

INSERT INTO `users` (`id`, `name`, `email`, `email_verified_at`, `password`, `remember_token`, `created_at`, `updated_at`) VALUES
(1, 'administrador', 'admin@admin.com', NULL, '$2y$10$5tZ9Yr7itmj1PVIZ/ge3l.RFnLXoM4pGXrhw6tWFXj1cABFOqWKce', NULL, NULL, NULL),
(2, 'monitor', 'moni@moni.com', NULL, '$2y$10$Havts2Z5t54pQ/hacO9Mue1ti9YJ/MKnbU5oxjKrIqqTw1tdtAxga', NULL, NULL, NULL);

--
-- Índices para tablas volcadas
--

--
-- Indices de la tabla `attendances`
--
ALTER TABLE `attendances`
  ADD PRIMARY KEY (`id`),
  ADD KEY `attendances_class_id_foreign` (`class_id`),
  ADD KEY `attendances_user_id_foreign` (`user_id`);

--
-- Indices de la tabla `audits`
--
ALTER TABLE `audits`
  ADD PRIMARY KEY (`id`),
  ADD KEY `audits_auditable_type_auditable_id_index` (`auditable_type`,`auditable_id`),
  ADD KEY `audits_user_id_user_type_index` (`user_id`,`user_type`);

--
-- Indices de la tabla `calendar_weeks`
--
ALTER TABLE `calendar_weeks`
  ADD PRIMARY KEY (`id`);

--
-- Indices de la tabla `cats`
--
ALTER TABLE `cats`
  ADD PRIMARY KEY (`id`);

--
-- Indices de la tabla `cat_program`
--
ALTER TABLE `cat_program`
  ADD PRIMARY KEY (`id`),
  ADD KEY `cat_program_cat_id_foreign` (`cat_id`),
  ADD KEY `cat_program_program_id_foreign` (`program_id`);

--
-- Indices de la tabla `cat_weekdays`
--
ALTER TABLE `cat_weekdays`
  ADD PRIMARY KEY (`id`),
  ADD KEY `cat_weekdays_cat_id_foreign` (`cat_id`);

--
-- Indices de la tabla `class`
--
ALTER TABLE `class`
  ADD PRIMARY KEY (`id`),
  ADD KEY `class_group_id_foreign` (`group_id`);

--
-- Indices de la tabla `classroom`
--
ALTER TABLE `classroom`
  ADD PRIMARY KEY (`id`),
  ADD KEY `classroom_cat_id_foreign` (`cat_id`);

--
-- Indices de la tabla `cours`
--
ALTER TABLE `cours`
  ADD PRIMARY KEY (`id`);

--
-- Indices de la tabla `cour_program`
--
ALTER TABLE `cour_program`
  ADD PRIMARY KEY (`id`),
  ADD KEY `cour_program_program_id_foreign` (`program_id`),
  ADD KEY `cour_program_cour_id_foreign` (`cour_id`),
  ADD KEY `cour_program_level_id_foreign` (`level_id`);

--
-- Indices de la tabla `excuses`
--
ALTER TABLE `excuses`
  ADD PRIMARY KEY (`id`),
  ADD KEY `excuses_attendance_id_foreign` (`attendance_id`);

--
-- Indices de la tabla `failed_jobs`
--
ALTER TABLE `failed_jobs`
  ADD PRIMARY KEY (`id`);

--
-- Indices de la tabla `groups`
--
ALTER TABLE `groups`
  ADD PRIMARY KEY (`id`),
  ADD KEY `groups_cour_program_id_foreign` (`cour_program_id`),
  ADD KEY `groups_teacher_id_foreign` (`teacher_id`),
  ADD KEY `groups_classroom_id_foreign` (`classroom_id`);

--
-- Indices de la tabla `levels`
--
ALTER TABLE `levels`
  ADD PRIMARY KEY (`id`);

--
-- Indices de la tabla `migrations`
--
ALTER TABLE `migrations`
  ADD PRIMARY KEY (`id`);

--
-- Indices de la tabla `password_resets`
--
ALTER TABLE `password_resets`
  ADD KEY `password_resets_email_index` (`email`);

--
-- Indices de la tabla `permissions`
--
ALTER TABLE `permissions`
  ADD PRIMARY KEY (`id`),
  ADD UNIQUE KEY `permissions_slug_unique` (`slug`);

--
-- Indices de la tabla `permission_role`
--
ALTER TABLE `permission_role`
  ADD PRIMARY KEY (`id`),
  ADD KEY `permission_role_permission_id_index` (`permission_id`),
  ADD KEY `permission_role_role_id_index` (`role_id`);

--
-- Indices de la tabla `permission_user`
--
ALTER TABLE `permission_user`
  ADD PRIMARY KEY (`id`),
  ADD KEY `permission_user_permission_id_index` (`permission_id`),
  ADD KEY `permission_user_user_id_index` (`user_id`);

--
-- Indices de la tabla `programs`
--
ALTER TABLE `programs`
  ADD PRIMARY KEY (`id`);

--
-- Indices de la tabla `reports`
--
ALTER TABLE `reports`
  ADD PRIMARY KEY (`id`);

--
-- Indices de la tabla `roles`
--
ALTER TABLE `roles`
  ADD PRIMARY KEY (`id`),
  ADD UNIQUE KEY `roles_slug_unique` (`slug`);

--
-- Indices de la tabla `role_user`
--
ALTER TABLE `role_user`
  ADD PRIMARY KEY (`id`),
  ADD KEY `role_user_role_id_index` (`role_id`),
  ADD KEY `role_user_user_id_index` (`user_id`);

--
-- Indices de la tabla `schedules`
--
ALTER TABLE `schedules`
  ADD PRIMARY KEY (`id`),
  ADD KEY `schedules_group_id_foreign` (`group_id`);

--
-- Indices de la tabla `teachers`
--
ALTER TABLE `teachers`
  ADD PRIMARY KEY (`id`);

--
-- Indices de la tabla `users`
--
ALTER TABLE `users`
  ADD PRIMARY KEY (`id`),
  ADD UNIQUE KEY `users_email_unique` (`email`);

--
-- AUTO_INCREMENT de las tablas volcadas
--

--
-- AUTO_INCREMENT de la tabla `attendances`
--
ALTER TABLE `attendances`
  MODIFY `id` bigint(20) UNSIGNED NOT NULL AUTO_INCREMENT;

--
-- AUTO_INCREMENT de la tabla `audits`
--
ALTER TABLE `audits`
  MODIFY `id` int(10) UNSIGNED NOT NULL AUTO_INCREMENT;

--
-- AUTO_INCREMENT de la tabla `calendar_weeks`
--
ALTER TABLE `calendar_weeks`
  MODIFY `id` int(10) UNSIGNED NOT NULL AUTO_INCREMENT, AUTO_INCREMENT=15;

--
-- AUTO_INCREMENT de la tabla `cats`
--
ALTER TABLE `cats`
  MODIFY `id` bigint(20) UNSIGNED NOT NULL AUTO_INCREMENT, AUTO_INCREMENT=24;

--
-- AUTO_INCREMENT de la tabla `cat_program`
--
ALTER TABLE `cat_program`
  MODIFY `id` bigint(20) UNSIGNED NOT NULL AUTO_INCREMENT, AUTO_INCREMENT=91;

--
-- AUTO_INCREMENT de la tabla `cat_weekdays`
--
ALTER TABLE `cat_weekdays`
  MODIFY `id` int(10) UNSIGNED NOT NULL AUTO_INCREMENT, AUTO_INCREMENT=8;

--
-- AUTO_INCREMENT de la tabla `class`
--
ALTER TABLE `class`
  MODIFY `id` bigint(20) UNSIGNED NOT NULL AUTO_INCREMENT;

--
-- AUTO_INCREMENT de la tabla `classroom`
--
ALTER TABLE `classroom`
  MODIFY `id` bigint(20) UNSIGNED NOT NULL AUTO_INCREMENT, AUTO_INCREMENT=23;

--
-- AUTO_INCREMENT de la tabla `cours`
--
ALTER TABLE `cours`
  MODIFY `id` bigint(20) UNSIGNED NOT NULL AUTO_INCREMENT, AUTO_INCREMENT=407;

--
-- AUTO_INCREMENT de la tabla `cour_program`
--
ALTER TABLE `cour_program`
  MODIFY `id` bigint(20) UNSIGNED NOT NULL AUTO_INCREMENT, AUTO_INCREMENT=21;

--
-- AUTO_INCREMENT de la tabla `excuses`
--
ALTER TABLE `excuses`
  MODIFY `id` bigint(20) UNSIGNED NOT NULL AUTO_INCREMENT;

--
-- AUTO_INCREMENT de la tabla `failed_jobs`
--
ALTER TABLE `failed_jobs`
  MODIFY `id` bigint(20) UNSIGNED NOT NULL AUTO_INCREMENT;

--
-- AUTO_INCREMENT de la tabla `groups`
--
ALTER TABLE `groups`
  MODIFY `id` bigint(20) UNSIGNED NOT NULL AUTO_INCREMENT;

--
-- AUTO_INCREMENT de la tabla `levels`
--
ALTER TABLE `levels`
  MODIFY `id` bigint(20) UNSIGNED NOT NULL AUTO_INCREMENT, AUTO_INCREMENT=11;

--
-- AUTO_INCREMENT de la tabla `migrations`
--
ALTER TABLE `migrations`
  MODIFY `id` int(10) UNSIGNED NOT NULL AUTO_INCREMENT, AUTO_INCREMENT=29;

--
-- AUTO_INCREMENT de la tabla `permissions`
--
ALTER TABLE `permissions`
  MODIFY `id` int(10) UNSIGNED NOT NULL AUTO_INCREMENT, AUTO_INCREMENT=37;

--
-- AUTO_INCREMENT de la tabla `permission_role`
--
ALTER TABLE `permission_role`
  MODIFY `id` int(10) UNSIGNED NOT NULL AUTO_INCREMENT, AUTO_INCREMENT=5;

--
-- AUTO_INCREMENT de la tabla `permission_user`
--
ALTER TABLE `permission_user`
  MODIFY `id` int(10) UNSIGNED NOT NULL AUTO_INCREMENT;

--
-- AUTO_INCREMENT de la tabla `programs`
--
ALTER TABLE `programs`
  MODIFY `id` bigint(20) UNSIGNED NOT NULL AUTO_INCREMENT, AUTO_INCREMENT=16;

--
-- AUTO_INCREMENT de la tabla `reports`
--
ALTER TABLE `reports`
  MODIFY `id` bigint(20) UNSIGNED NOT NULL AUTO_INCREMENT;

--
-- AUTO_INCREMENT de la tabla `roles`
--
ALTER TABLE `roles`
  MODIFY `id` int(10) UNSIGNED NOT NULL AUTO_INCREMENT, AUTO_INCREMENT=3;

--
-- AUTO_INCREMENT de la tabla `role_user`
--
ALTER TABLE `role_user`
  MODIFY `id` int(10) UNSIGNED NOT NULL AUTO_INCREMENT, AUTO_INCREMENT=3;

--
-- AUTO_INCREMENT de la tabla `schedules`
--
ALTER TABLE `schedules`
  MODIFY `id` int(10) UNSIGNED NOT NULL AUTO_INCREMENT;

--
-- AUTO_INCREMENT de la tabla `teachers`
--
ALTER TABLE `teachers`
  MODIFY `id` bigint(20) UNSIGNED NOT NULL AUTO_INCREMENT, AUTO_INCREMENT=146;

--
-- AUTO_INCREMENT de la tabla `users`
--
ALTER TABLE `users`
  MODIFY `id` bigint(20) UNSIGNED NOT NULL AUTO_INCREMENT, AUTO_INCREMENT=3;

--
-- Restricciones para tablas volcadas
--

--
-- Filtros para la tabla `attendances`
--
ALTER TABLE `attendances`
  ADD CONSTRAINT `attendances_class_id_foreign` FOREIGN KEY (`class_id`) REFERENCES `class` (`id`) ON DELETE NO ACTION ON UPDATE NO ACTION,
  ADD CONSTRAINT `attendances_user_id_foreign` FOREIGN KEY (`user_id`) REFERENCES `users` (`id`) ON DELETE NO ACTION ON UPDATE NO ACTION;

--
-- Filtros para la tabla `cat_program`
--
ALTER TABLE `cat_program`
  ADD CONSTRAINT `cat_program_cat_id_foreign` FOREIGN KEY (`cat_id`) REFERENCES `cats` (`id`) ON DELETE NO ACTION ON UPDATE NO ACTION,
  ADD CONSTRAINT `cat_program_program_id_foreign` FOREIGN KEY (`program_id`) REFERENCES `programs` (`id`) ON DELETE NO ACTION ON UPDATE NO ACTION;

--
-- Filtros para la tabla `cat_weekdays`
--
ALTER TABLE `cat_weekdays`
  ADD CONSTRAINT `cat_weekdays_cat_id_foreign` FOREIGN KEY (`cat_id`) REFERENCES `cats` (`id`) ON DELETE NO ACTION ON UPDATE NO ACTION;

--
-- Filtros para la tabla `class`
--
ALTER TABLE `class`
  ADD CONSTRAINT `class_group_id_foreign` FOREIGN KEY (`group_id`) REFERENCES `groups` (`id`) ON DELETE NO ACTION ON UPDATE NO ACTION;

--
-- Filtros para la tabla `classroom`
--
ALTER TABLE `classroom`
  ADD CONSTRAINT `classroom_cat_id_foreign` FOREIGN KEY (`cat_id`) REFERENCES `cats` (`id`) ON DELETE NO ACTION ON UPDATE NO ACTION;

--
-- Filtros para la tabla `cour_program`
--
ALTER TABLE `cour_program`
  ADD CONSTRAINT `cour_program_cour_id_foreign` FOREIGN KEY (`cour_id`) REFERENCES `cours` (`id`) ON DELETE NO ACTION ON UPDATE NO ACTION,
  ADD CONSTRAINT `cour_program_level_id_foreign` FOREIGN KEY (`level_id`) REFERENCES `levels` (`id`) ON DELETE NO ACTION ON UPDATE NO ACTION,
  ADD CONSTRAINT `cour_program_program_id_foreign` FOREIGN KEY (`program_id`) REFERENCES `programs` (`id`) ON DELETE NO ACTION ON UPDATE NO ACTION;

--
-- Filtros para la tabla `excuses`
--
ALTER TABLE `excuses`
  ADD CONSTRAINT `excuses_attendance_id_foreign` FOREIGN KEY (`attendance_id`) REFERENCES `attendances` (`id`) ON DELETE NO ACTION ON UPDATE NO ACTION;

--
-- Filtros para la tabla `groups`
--
ALTER TABLE `groups`
  ADD CONSTRAINT `groups_classroom_id_foreign` FOREIGN KEY (`classroom_id`) REFERENCES `classroom` (`id`) ON DELETE NO ACTION ON UPDATE NO ACTION,
  ADD CONSTRAINT `groups_cour_program_id_foreign` FOREIGN KEY (`cour_program_id`) REFERENCES `cour_program` (`id`),
  ADD CONSTRAINT `groups_teacher_id_foreign` FOREIGN KEY (`teacher_id`) REFERENCES `teachers` (`id`) ON DELETE NO ACTION ON UPDATE NO ACTION;

--
-- Filtros para la tabla `permission_role`
--
ALTER TABLE `permission_role`
  ADD CONSTRAINT `permission_role_permission_id_foreign` FOREIGN KEY (`permission_id`) REFERENCES `permissions` (`id`) ON DELETE CASCADE,
  ADD CONSTRAINT `permission_role_role_id_foreign` FOREIGN KEY (`role_id`) REFERENCES `roles` (`id`) ON DELETE CASCADE;

--
-- Filtros para la tabla `permission_user`
--
ALTER TABLE `permission_user`
  ADD CONSTRAINT `permission_user_permission_id_foreign` FOREIGN KEY (`permission_id`) REFERENCES `permissions` (`id`) ON DELETE CASCADE,
  ADD CONSTRAINT `permission_user_user_id_foreign` FOREIGN KEY (`user_id`) REFERENCES `users` (`id`) ON DELETE CASCADE;

--
-- Filtros para la tabla `role_user`
--
ALTER TABLE `role_user`
  ADD CONSTRAINT `role_user_role_id_foreign` FOREIGN KEY (`role_id`) REFERENCES `roles` (`id`) ON DELETE CASCADE,
  ADD CONSTRAINT `role_user_user_id_foreign` FOREIGN KEY (`user_id`) REFERENCES `users` (`id`) ON DELETE CASCADE;

--
-- Filtros para la tabla `schedules`
--
ALTER TABLE `schedules`
  ADD CONSTRAINT `schedules_group_id_foreign` FOREIGN KEY (`group_id`) REFERENCES `groups` (`id`) ON DELETE NO ACTION ON UPDATE NO ACTION;
COMMIT;

/*!40101 SET CHARACTER_SET_CLIENT=@OLD_CHARACTER_SET_CLIENT */;
/*!40101 SET CHARACTER_SET_RESULTS=@OLD_CHARACTER_SET_RESULTS */;
/*!40101 SET COLLATION_CONNECTION=@OLD_COLLATION_CONNECTION */;
